position,age,games_played,games_started,minutes_played_per_game,field_goals_per_game,field_goals_attempts_per_game,three_point_field_goals_per_game,three_point_field_goals_attempts_per_game,two_point_field_goals_per_game,two_point_field_goals_attempts_per_game,free_throws_per_game,free_throws_attempts_per_game,offensive_rebounds_per_game,defensive_rebounds_per_game,total_rebounds_per_game,assists_per_game,steals_per_game,blocks_per_game,turnovers_per_game,personal_fouls_per_game,points_per_game
C,23,55,12,20.7,3.6,7.3,0.5,2,3,5.4,1.6,2.3,1.8,4.1,6,0.9,0.6,0.5,1.1,1.9,9.2
C,29,42,42,27,3.7,6.3,0,0,3.7,6.2,1.1,3.1,5.1,6.5,11.5,2.3,0.9,1.1,1.9,2.3,8.6
C,25,75,75,34.6,8,14.9,0,0.2,8,14.7,4.3,5.4,2.5,6.7,9.2,3.2,1.2,0.8,2.5,2.8,20.4
SG,22,59,22,20.5,2.8,6.5,1.4,3.9,1.4,2.7,0.9,1.2,0.7,1.3,2.1,1.1,0.3,0.3,0.7,1.7,7.9
PF,22,77,20,21.8,3.2,6.8,1.2,3.5,2,3.4,1.4,1.9,1.1,3.7,4.8,1.3,0.6,0.6,0.8,1.9,9
SG,24,59,3,15,2.2,5,1,2.7,1.2,2.3,0.7,1,0.3,1.5,1.7,1.8,0.5,0.4,0.9,1.5,6.2
SG,27,72,70,27.4,3.4,7.7,2,5.1,1.4,2.7,1.6,1.8,0.8,2.4,3.3,2.3,0.9,0.2,1,1.6,10.4
C,24,68,68,32.6,5.9,9.2,0,0.1,5.9,9.1,2.4,3.3,3.3,6.5,9.8,1.7,0.8,1.2,1.4,2.3,14.3
PG,24,61,10,21.5,3.3,8,1.4,4,1.9,4,1.1,1.3,0.5,1.9,2.3,3,1.1,0.2,1.3,2,9
PF,29,69,46,28.4,3.7,7.2,0.6,1.5,3,5.7,1.4,2,1,4.4,5.3,4.9,1.1,0.9,1.5,2.1,9.4
PF,28,63,63,32.1,11.2,20.3,0.7,2.7,10.5,17.6,7.9,12.3,2.2,9.6,11.8,5.7,0.8,0.8,3.9,3.1,31.1
PF,30,37,0,5.6,0.5,1.2,0,0.2,0.5,1,0.3,0.6,0.4,0.8,1.2,0.4,0.1,0.1,0.3,0.6,1.4
PG,22,60,4,25.9,4.6,10.2,1.3,3.4,3.4,6.7,2.5,2.8,0.8,4,4.8,3.9,0.6,0.5,1.5,2.6,13
SF,25,67,67,35.6,6.3,13.2,2.1,5.5,4.2,7.7,2.1,2.5,1.4,3.5,5,2,1.9,0.7,2,3,16.8
PG,28,20,4,8.6,0.5,1.9,0.4,1.2,0.1,0.7,0,0,0,0.8,0.8,1.2,0.3,0,0.4,0.9,1.3
SF,22,76,40,26.6,3.3,7.6,0.9,3.1,2.4,4.6,1.6,2.2,1,5.4,6.4,2.8,0.9,0.4,1.6,2.8,9.2
C,24,67,67,30.4,7.8,13.2,0.1,0.4,7.7,12.9,2.3,3,2.6,7.4,10,1.7,0.6,0.8,1.8,2.8,18
C,23,36,4,10,1.6,2,0,0,1.6,2,0.2,0.6,0.9,2.4,3.3,0.3,0.2,0.4,0.5,0.9,3.5
C,23,42,25,23.6,4.8,9.1,0.5,1.6,4.4,7.5,1.9,2.6,2.2,4.2,6.4,0.9,0.5,0.7,1.1,1.9,12
SF,20,31,0,7.3,1.4,3.5,1,2.7,0.4,0.8,0.1,0.2,0,1.3,1.3,0.4,0.2,0.1,0.4,0.5,3.9
PG,21,36,36,35.2,8.2,20,4,10.6,4.2,9.4,2.8,3.4,1.2,5.3,6.4,8.4,1.3,0.3,3.6,3.3,23.3
C,24,49,7,15.7,2.4,4.9,1,2.5,1.4,2.4,0.8,1.3,1.2,3.4,4.6,0.9,0.3,0.9,0.6,2.1,6.6
PF,20,72,72,33.8,6.7,15.6,1.2,4,5.5,11.6,5.5,7.4,1.2,5.7,6.9,3.7,0.8,0.5,2.8,2.2,20
SG,24,58,58,31.7,7.8,16.2,2.9,7,4.9,9.2,3.1,3.5,0.7,4.3,5,4.4,1,0.4,2.2,2.6,21.5
PG,23,31,2,9,1.8,4.2,0.5,1.6,1.3,2.5,0.5,0.8,0.4,1.1,1.5,1.2,0.4,0.4,0.6,1.1,4.6
PF,19,28,0,14.6,1.6,3.1,0,0.1,1.6,2.9,0.6,0.9,1.6,2,3.6,0.9,0.4,0.7,0.5,2,3.9
PF,30,82,82,32.5,4.6,9.6,1.6,4.3,3,5.3,4.3,5,1.1,3.4,4.5,1.6,0.7,0.1,1,1.3,15
SF,21,77,76,34.8,6,13.2,0.8,2.9,5.2,10.3,2.5,3.2,2.3,4.3,6.6,4.8,1.1,0.8,2,2.2,15.3
SG,22,73,73,33.9,7,16.1,1.7,5.3,5.3,10.8,4,5.4,0.8,4.2,5,2.8,0.4,0.2,2.2,2.5,19.6
SG,32,56,2,17.7,2.5,6.5,1.2,3.2,1.3,3.3,0.7,0.8,0.3,2.2,2.4,2,0.5,0.2,0.9,1,6.8
C,22,35,2,14.5,2.5,3.9,0.1,0.2,2.4,3.6,0.6,1.1,2.1,3.4,5.5,1.3,0.5,0.9,1.2,2.1,5.7
PF,27,67,42,21.7,3.5,6.9,0.8,2.1,2.7,4.8,1.8,2.2,1,2.7,3.7,1.5,0.7,0.3,0.8,0.9,9.7
PF,34,78,19,21.9,2.1,4.9,1.6,4.1,0.5,0.8,0.4,0.6,0.8,3,3.8,1.6,0.7,0.6,0.6,1.9,6.1
C,22,43,1,14.3,1.9,4.3,0.5,1.2,1.5,3,0.9,1.6,0.8,2.4,3.2,0.9,0.5,0.8,0.6,1,5.2
SG,29,50,50,33.5,8.9,17.6,1.6,4.4,7.3,13.2,3.8,4.6,0.8,3.1,3.9,5.4,0.9,0.7,2.9,2.1,23.2
SG,26,81,27,25.8,4.6,11.6,2.9,8.1,1.7,3.4,0.6,0.8,0.4,3.1,3.5,1.5,0.8,0.1,1.1,1.3,12.7
SF,22,52,11,13.5,1.8,4.7,0.9,2.7,0.9,1.9,0.5,0.7,0.7,1.5,2.2,0.7,0.4,0.1,0.9,1.4,5.1
PF,30,45,1,10.9,1.5,3.6,1.2,3.1,0.3,0.4,0.3,0.3,0.2,1,1.2,0.5,0.2,0.2,0.2,1.2,4.6
SF,23,77,37,27.6,4.6,10.9,2,5.4,2.6,5.4,2.7,3.1,1.3,3.4,4.7,1.5,0.9,0.2,0.9,1.6,13.8
C,30,20,0,8.1,1,1.6,0.1,0.1,0.9,1.5,0.2,0.3,0.4,0.9,1.3,0.4,0.3,0.3,0.4,1.2,2.2
C,23,38,1,12,1.8,3.3,0.2,0.7,1.7,2.6,0.6,1.1,1.6,2,3.6,1,0.4,0.7,0.6,1.7,4.4
C,30,61,14,14.3,2,3.4,0,0,2,3.4,0.4,1.1,1.5,2.8,4.3,0.9,0.3,1.4,0.8,1.9,4.3
SF,23,10,0,9,0.5,2.7,0.4,2.5,0.1,0.2,0.2,0.2,0.2,0.4,0.6,0.4,0.2,0,0,0.6,1.6
SG,30,54,9,27.9,5.1,11.3,2.7,6.7,2.4,4.6,1.2,1.4,0.4,2.6,3.1,2.8,0.8,0.3,1.2,1.6,14
PF,33,59,59,32.1,7.3,14.9,2.5,6,4.8,9,4.5,5.1,0.6,3.2,3.8,2.6,0.6,0.1,2.3,1.9,21.6
PF,23,70,33,21.5,3.7,6.8,0.4,1.6,3.3,5.2,1.2,1.5,1,4.8,5.8,1,0.4,1.2,1.6,1.3,9.1
SF,22,14,0,4.9,0.2,1.4,0,0.3,0.2,1.1,0,0,0.3,0.2,0.5,0.5,0.2,0.1,0.5,0.7,0.4
SG,26,53,53,34.6,9.9,20.1,2.1,6,7.8,14.2,5.8,6.8,0.9,3.7,4.5,5.5,1,0.3,2.7,3,27.8
SF,21,22,1,11.3,2.3,5.5,0.5,1.3,1.8,4.2,1.3,1.7,0.3,1,1.4,0.9,0.4,0,0.5,1,6.5
PF,30,76,0,20,3.4,7,0.8,2.5,2.6,4.5,1.7,2.2,2.1,3.5,5.5,0.4,0.6,0.8,0.5,1.9,9.4
SG,22,34,0,15.1,2,5.7,1,3.2,1.1,2.5,0.6,0.9,0.2,1.9,2.1,1.2,0.4,0.1,0.9,1.4,5.6
PG,23,5,0,14.2,1.2,2.8,0.4,1.2,0.8,1.6,0.2,0.4,0.2,1,1.2,0.8,0.8,0.4,0.8,1.2,3
C,25,12,0,2.8,0.5,1,0.3,0.4,0.3,0.6,0.3,0.3,0.1,0.8,0.9,0.1,0.1,0.1,0.1,0.2,1.6
SG,19,66,32,23.5,4.1,9.3,1.2,3.9,2.9,5.4,0.9,1.1,0.4,2.3,2.7,1.9,0.5,0.1,1.2,1.7,10.2
PF,26,4,0,9.8,2,3.5,1,2.3,1,1.3,0.5,0.5,0.3,1.3,1.5,0.8,0,0.5,0.5,0.8,5.5
SG,21,76,6,15.5,1.9,3.8,0.4,1.3,1.4,2.5,0.5,0.8,0.6,1.8,2.4,0.8,0.5,0.2,0.5,1.3,4.7
PF,24,65,2,16.7,1.9,4.9,0.7,2.4,1.2,2.5,1.6,2.2,1,2.4,3.4,0.7,0.5,0.2,0.5,1.2,6.1
PG,30,67,0,26,5.3,10.9,2,4.4,3.3,6.5,2.4,2.7,0.6,3.6,4.2,3.7,0.7,0.3,1.5,1.6,14.9
SF,27,73,73,30.3,5.4,13.6,2,6,3.4,7.6,1.6,2.1,0.6,2.7,3.3,2.6,0.9,0.2,1.4,3.3,14.3
SF,26,80,31,28.5,4.5,9.3,1.1,3.2,3.3,6.1,1.5,1.9,0.8,3.3,4.1,3.4,1.1,0.6,1.5,2.4,11.5
PF,21,16,0,5.8,0.7,1.8,0.1,0.4,0.6,1.3,0.3,0.8,0.1,1.1,1.2,0.2,0.3,0.3,0.4,0.8,1.8
SF,26,67,67,35.9,10.1,20.6,2.4,7.3,7.7,13.4,3.9,5.1,1.2,5.7,6.9,3.5,1.1,0.4,2.9,2.6,26.6
SG,19,6,0,6.7,0.7,1.2,0,0.2,0.7,1,0.2,0.3,0.3,0.7,1,0.5,0.7,0,0.3,1.5,1.5
C,23,36,1,8.2,1.7,2.7,0,0,1.7,2.7,0.9,2,1.6,2.3,3.9,0.1,0.1,0.4,0.4,1.1,4.3
SF,27,4,0,6,0,1,0,0.5,0,0.5,0,0,0.8,1.3,2,0.5,0.8,0,0,1,0
SF,23,76,45,24.5,2.6,6.1,1.4,3.7,1.2,2.4,0.4,0.5,0.8,3.2,4.1,1.3,0.8,0.2,0.6,1.6,7.1
PG,26,68,68,35,8.6,17.6,2,4.7,6.7,12.8,4.8,5.8,0.6,3,3.5,6.2,0.9,0.2,2.1,2.2,24
C,25,59,26,18.3,3.9,6.3,0.4,1,3.5,5.3,1.6,2.1,1.5,4.3,5.7,0.5,0.3,0.5,0.6,1.7,9.8
SF,31,78,55,30.3,2.5,6,1.9,5.1,0.5,0.9,0.3,0.5,0.4,3.2,3.6,1.4,0.7,0.2,0.5,2.1,7.2
SG,31,51,8,22,3.9,9,1.9,4.7,2,4.3,3,3.7,0.4,2.7,3.1,2.2,0.7,0.2,1.1,1.9,12.8
PF,29,2,0,3,0,1,0,0.5,0,0.5,0,0,0,0,0,0,0,0,0,0,0
PG,22,6,1,12.8,2.5,5.3,1.2,2.3,1.3,3,0,0,0.2,0.5,0.7,1.3,0.8,0,0.8,0.8,6.2
PF,33,64,64,33.4,7.5,13.9,0.6,1.6,6.9,12.3,7.4,8.7,2.2,3.7,5.9,5.3,1.8,0.3,1.6,1.3,22.9
C,20,19,1,11.6,0.9,2.8,0.4,1.8,0.5,0.9,0.2,0.2,0.2,0.7,0.9,0.6,0.4,0.5,0.1,1.2,2.4
PF,23,18,0,13.3,2.1,3.7,0.4,1.1,1.7,2.6,0.9,1.2,0.8,2.1,2.9,0.7,0.6,0.1,0.3,1.2,5.4
SG,29,76,76,31.3,3.8,8.3,1.8,4.2,2.1,4.1,1.4,1.6,0.5,2.3,2.7,2.4,1.5,0.5,1.1,1.9,10.8
PG,31,8,0,6.5,0.4,1.6,0.4,1.4,0,0.3,0.1,0.3,0,0.3,0.3,1.1,0.8,0,0.4,0.4,1.3
PF,25,60,9,14.8,1.8,3.8,0.7,1.9,1.1,1.9,0.6,0.7,0.4,1.7,2.1,1.3,0.4,0.2,0.6,1.4,5
C,28,65,63,26.6,5.4,8.2,0,0,5.4,8.2,1.2,2,4,7.1,11,0.9,0.7,1.2,0.8,2.1,12
C,21,11,0,2.5,0.2,0.7,0,0,0.2,0.7,0.2,0.2,0.3,0.7,1,0.3,0.2,0.2,0.2,0.5,0.5
PG,27,81,39,22.3,3,7,1.8,4.2,1.2,2.8,0.4,0.5,0.4,2.1,2.5,2.4,0.8,0.4,1,2,8
C,23,57,54,29.6,5.6,10.8,1.4,3.9,4.2,6.8,2.5,3.4,2.1,6.6,8.7,2.3,0.5,0.6,1.9,2.8,15.2
PG,31,4,0,11,1.5,3.5,0.3,0.8,1.3,2.8,1,1.8,0.3,1,1.3,1.8,0.3,0.3,1,1.3,4.3
PG,28,67,36,23.5,1.9,4.3,0.8,2.3,1.1,2,0.9,1.1,0.6,2.3,2.9,2.9,1.5,0.7,1.1,2.4,5.6
SF,21,17,3,18.8,3.5,7.6,1.9,4.8,1.5,2.8,0.8,1,0.6,2.9,3.5,0.6,0.4,0.3,0.6,1.5,9.7
SF,21,5,0,6.8,1,3,0.2,1,0.8,2,0,0,0.6,1,1.6,0.8,0.2,0,0,0.4,2.2
PG,20,36,0,7.8,1,2.3,0.1,0.4,0.9,1.9,0.2,0.4,0.3,0.8,1.1,1.6,0.3,0.1,0.5,0.4,2.2
SG,19,41,3,12.5,1.1,2.6,0.6,1.5,0.4,1.1,0.3,0.4,0.2,1.7,1.8,0.5,0.2,0.2,0.3,0.8,3.1
SG,21,64,2,12.3,2.4,5.1,0.3,1.4,2.1,3.8,0.7,0.9,0.3,0.8,1.1,1.1,0.5,0.2,0.9,0.9,5.8
PF,26,56,8,19.5,4.1,6.2,0,0.1,4.1,6.1,1.8,2.4,1.6,3.9,5.5,1.3,0.6,0.7,1,2.3,10
SG,30,61,61,32.6,7.5,16.9,2.5,7.5,5,9.4,3.3,4,1.2,2.9,4,4.4,0.5,0.2,3,2,20.8
C,23,76,76,29.9,5.4,7.7,0,0,5.4,7.7,1.8,3.2,2.4,6.8,9.2,1.9,0.9,2.5,1.3,2.8,12.6
SF,25,50,9,12.5,1.1,2.9,0.2,0.8,0.9,2.1,1,1.3,0.3,0.7,1.1,1.1,0.1,0.1,0.4,1,3.4
PF,25,71,71,30,5.1,10,1,3.4,4.1,6.6,2,2.5,1.1,5.4,6.5,1.2,0.6,1,1.1,3.1,13.1
C,25,63,26,22.9,4.5,8.7,0.9,2.3,3.6,6.4,1.7,2.3,1.8,4.5,6.4,2.9,0.6,0.8,2,3.2,11.6
C,26,1,0,21,3,5,0,0,3,5,1,4,2,1,3,0,0,1,0,0,7
PG,35,67,66,30.3,3.9,9.1,2,5.2,1.9,3.9,2.1,2.5,0.5,2.2,2.7,6.7,1.1,0.2,1.5,2.1,11.9
SF,30,61,33,23.7,2.7,6.9,1.8,5.3,0.9,1.6,0.4,0.7,0.8,3.8,4.6,1.3,0.6,0.2,0.5,1.1,7.6
PF,27,10,1,12.6,1.7,2.8,0,0.1,1.7,2.7,0.4,1,1.6,2.2,3.8,0.6,0.6,0.4,0.8,1.3,3.8
PF,32,48,0,16.2,2.1,4.8,1.1,2.8,1,1.9,0.6,0.8,0.6,2.8,3.5,1.2,0.8,0.7,0.7,1.8,6
PF,32,79,60,24.7,2.9,6.3,1.3,3.2,1.6,3.1,0.4,0.6,1.8,3.6,5.4,1.5,0.6,0.8,0.9,2.3,7.4
PF,32,18,3,18.9,2.5,5.2,1.3,3.1,1.2,2.2,0.6,0.7,0.9,2.9,3.8,1.5,0.7,0.3,0.4,1.5,6.9
SF,23,10,1,13.7,1.7,4.3,0.1,1.2,1.6,3.1,0.9,1.3,1,2.8,3.8,0.6,0.6,0.2,0.7,1.4,4.4
PG,21,12,12,33.3,7.8,18.7,1.4,5.1,6.3,13.6,3,3.6,1,5.2,6.2,6,0.8,0.6,3.3,2.8,19.9
SG,32,61,7,19.9,3.4,7.4,1.5,3.8,1.9,3.6,0.8,0.9,0.2,1.4,1.6,1.6,0.6,0.1,0.8,1.6,9.2
PG,34,56,56,34.7,10,20.2,4.9,11.4,5.1,8.8,4.6,5,0.7,5.4,6.1,6.3,0.9,0.4,3.2,2.1,29.4
PG,19,59,11,17.7,1.5,3.5,0.5,1.5,1,2.1,0.4,0.7,0.6,2.6,3.2,2.3,0.7,0.2,1,1.7,3.8
C,29,56,54,34,9.7,17.2,0.3,1.3,9.3,15.9,6.2,7.9,3.5,9.1,12.5,2.6,1.1,2,2.2,2.6,25.9
SG,20,28,5,15.1,2.4,6.1,0.6,2.5,1.8,3.6,0.5,1,0.4,2,2.3,1,0.4,0.3,0.6,1.7,5.8
SG,25,64,5,13.1,2.4,5.7,1.4,3.8,1,1.9,0.5,0.7,0.3,1.9,2.2,1,0.7,0.2,0.8,1.6,6.7
SG,20,12,0,5.5,0.7,1.6,0.2,0.6,0.5,1,0.1,0.2,0.2,0.6,0.8,0.9,0.2,0.2,0.3,0.4,1.6
SF,23,4,0,6.3,1.3,3,0.8,2.5,0.5,0.5,0.5,0.5,0.3,1.3,1.5,0.3,0,0.3,0,0.5,3.8
C,33,38,1,11.2,2,4,0.3,1,1.7,2.9,0.9,1.3,0.9,2.6,3.5,0.7,0.2,0.5,0.7,2,5.2
PG,32,32,0,6.7,0.5,1.6,0.3,0.8,0.3,0.7,0.1,0.2,0,0.4,0.4,1.3,0.2,0,0.3,0.6,1.5
SF,33,74,74,36.2,8.9,17.6,0.6,1.9,8.3,15.7,6.2,7.1,0.5,4.2,4.6,5.1,1.1,0.5,2.1,2.5,24.5
C,21,22,1,8.9,1.1,2.1,0,0.1,1,2,0.5,0.7,1.4,0.9,2.3,0.2,0.3,0.4,0.4,0.7,2.7
C,26,22,2,8,1.1,2.3,0.3,1,0.8,1.3,0.1,0.1,0.4,1,1.4,0.4,0.2,0.4,0.5,1.2,2.6
SF,24,56,0,17.8,3.8,6.7,0.1,0.4,3.8,6.3,1.6,2.6,1,2.4,3.5,1,0.9,0.3,1.3,2.2,9.3
C,33,31,1,11.5,1.5,3.8,0.7,2.4,0.8,1.4,0.3,0.4,0.9,2.6,3.5,1.7,0.1,0.5,1,1.8,3.9
PF,19,39,1,14.6,1.9,4.6,0.7,2.5,1.3,2.1,0.4,0.6,0.5,2.2,2.7,1.2,0.4,0.2,0.7,1.1,4.9
SG,26,72,36,26.3,3.3,7.5,2.1,5.3,1.2,2.3,0.8,1,1.1,3.4,4.5,3.5,1.3,0.1,1.6,1.8,9.4
PG,23,66,66,36.2,10.9,22,2.8,8.2,8.1,13.8,7.8,10.5,0.8,7.8,8.6,8,1.4,0.5,3.6,2.5,32.4
SF,26,3,0,2.7,1.3,1.7,0.3,0.7,1,1,0,0,0.3,0.3,0.7,0,0,0,0,0,3
SF,23,74,73,30.7,4.6,11.8,1.8,5.5,2.8,6.3,2.7,3.5,1.7,2.9,4.6,2.1,1,0.3,1.2,3.3,13.7
SG,23,80,51,26.2,3.5,7.1,0.7,2.4,2.8,4.8,0.8,1,0.6,2.2,2.8,2.6,0.8,0.3,1.2,2.3,8.6
PG,23,6,0,8.8,0.2,1.7,0.2,0.7,0,1,0,0,1,0.7,1.7,1.3,0.8,0,0.5,1.5,0.5
PG,25,25,0,10.4,1,2.3,0.2,0.6,0.8,1.6,0.2,0.4,0.2,0.7,0.9,1.2,0.4,0.1,0.2,0.5,2.4
SF,26,16,0,4.9,0.6,2.1,0.1,1,0.5,1.1,0,0,0.1,0.8,0.9,0.6,0.4,0.1,0.3,0.4,1.4
PG,36,58,0,15,2.4,5.8,0.9,2.5,1.5,3.3,0.5,0.8,0.3,1.1,1.4,2.6,0.2,0.1,1.1,1.1,6.3
C,29,67,0,12.7,2.5,4.1,0,0,2.5,4,1,1.9,2.1,4.6,6.6,0.5,0.7,0.4,1.1,1.7,6
SF,25,46,12,19.5,2.7,7.2,1.2,3.8,1.5,3.5,1.3,1.6,0.4,2.1,2.5,1.4,0.5,0.2,0.9,1.4,7.9
SG,23,23,0,9.9,1.6,3.4,0,0.5,1.5,2.9,0.5,0.7,0.5,0.8,1.3,0.9,0.4,0,0.8,1.3,3.7
PG,28,22,3,25.8,5.3,9.8,0.8,1.6,4.5,8.2,1.9,2.4,0.4,4.1,4.5,5.6,1.1,0.5,1.6,2.6,13.2
PF,34,47,47,35.6,10.3,18.3,2,4.9,8.3,13.4,6.5,7.1,0.4,6.3,6.7,5,0.7,1.4,3.3,2.1,29.1
C,19,67,31,24.9,3.9,5.9,0,0,3.9,5.9,1.4,2.3,3.4,5.5,8.9,1.1,0.7,0.9,1.4,2.7,9.1
PF,21,82,5,21.5,3.6,8,0.7,2.1,2.9,6,1.3,1.8,2.4,3.7,6,1.1,1.2,0.6,1.2,2.3,9.3
SG,21,79,79,36,8.9,19.5,2.7,7.3,6.3,12.2,4,5.3,0.6,5.2,5.8,4.4,1.6,0.7,3.3,2.4,24.6
SF,22,36,4,10.7,1,2.6,0.5,1.5,0.5,1.1,0.3,0.4,0.6,1.1,1.7,0.6,0.4,0.2,0.4,1.1,2.8
SG,23,16,0,4.4,0.4,1,0.4,0.8,0.1,0.3,0.3,0.4,0.3,0.3,0.5,0.4,0.3,0.1,0.1,0.6,1.5
C,28,66,66,34.6,11,20.1,1,3,10,17.1,10,11.7,1.7,8.4,10.2,4.2,1,1.7,3.4,3.1,33.1
C,25,78,28,20.3,2.7,4.3,0.1,0.2,2.7,4.1,1.1,1.6,1.7,3.7,5.4,1.3,0.5,1.3,0.9,2.2,6.6
C,24,39,4,10.4,1.5,2.9,0,0.1,1.5,2.8,0.9,1.3,1.4,2.1,3.5,0.8,0.2,0.9,0.6,1.9,3.9
PF,29,66,66,30.4,3,7.6,1.7,5.1,1.2,2.5,0.7,0.9,1.7,3.1,4.8,1.5,0.8,0.5,0.9,2.2,8.3
PG,24,53,2,13,1.6,4.6,0.9,2.5,0.8,2.1,0.5,0.6,0.3,1.2,1.4,1.3,0.4,0.1,0.5,1.2,4.6
SF,27,52,6,14.7,2.2,6,1.2,3.7,1,2.3,0.7,0.8,0.6,1.1,1.7,0.8,0.3,0.2,0.8,1.2,6.3
SG,29,25,0,10.7,1.2,3.3,0.6,1.8,0.6,1.5,0.6,0.6,0.2,0.4,0.6,0.7,0.3,0.1,0.5,0.9,3.6
SG,24,23,3,12,1.1,2.6,0,0.1,1.1,2.5,0.1,0.1,0.2,1.4,1.6,1.7,0.3,0.1,0.7,0.7,2.3
PF,20,1,0,1,0,0,0,0,0,0,0,0,0,0,0,0,0,0,0,0,0
SG,30,27,7,17,2.1,6.1,1.3,4.2,0.8,1.9,0.7,0.8,0.1,1.7,1.8,1.3,0.6,0.1,0.8,1.7,6.1
PG,25,73,73,33.4,9.3,18.2,1.6,5,7.7,13.2,4.7,6,0.5,3.6,4.2,6.1,1.1,0.3,2.5,2.4,25
PG,24,60,60,29.6,5.8,11.3,0.5,1.5,5.4,9.9,1.9,2.4,1.2,2.8,3.9,5.7,1.5,0.4,2.3,2.2,14
C,25,68,2,15.1,2.3,3.8,0.1,0.5,2.1,3.3,0.8,1.2,1.7,2.5,4.2,0.5,0.4,0.5,0.7,2.1,5.5
C,24,78,47,20.6,3.7,5.1,0,0,3.7,5.1,1.6,2.4,2.1,3.5,5.6,1.1,0.4,1.3,1.1,2.4,9
PG,23,69,69,35.5,7.6,16.4,2.4,6,5.1,10.4,4,4.7,0.4,2.3,2.7,7.8,1.2,0.1,2.9,2.1,21.6
C,20,75,1,12.9,1.1,2.4,0.3,0.8,0.8,1.6,0.4,0.6,1.6,2.5,4.1,0.9,0.6,0.4,0.6,1.8,3
C,24,28,0,8.7,2.3,4.1,0.5,1.4,1.8,2.8,1.5,1.9,1.2,1.1,2.3,0.6,0.1,0.1,0.5,1.5,6.5
PF,36,56,0,14.6,1.9,5.1,0.6,2.3,1.4,2.8,0.8,0.9,0.6,2.3,2.9,1,0.3,0.3,0.7,1.2,5.2
SF,32,56,56,34.6,8.2,17.9,2.8,7.6,5.4,10.3,4.6,5.3,0.8,5.3,6.1,5.1,1.5,0.4,3.1,2.8,23.8
C,37,49,2,9.8,1.3,2.6,0.2,0.5,1.2,2.1,0.6,0.9,0.7,1.2,1.9,0.7,0.3,0.2,0.5,1.7,3.4
PF,20,76,76,31.1,7.1,14.7,1,3.1,6.1,11.6,1.4,1.9,1.9,5.9,7.9,6.2,0.8,0.4,2.8,1.9,16.6
PG,24,68,68,35.5,10.4,20.3,0.9,2.5,9.5,17.8,9.8,10.9,0.9,4,4.8,5.5,1.6,1,2.8,2.8,31.4
PF,30,59,8,10.6,1.2,2.2,0.1,0.5,1.1,1.7,0.8,1.1,0.6,1.1,1.7,0.6,0.1,0.2,0.3,1.2,3.3
PG,24,1,0,41,1,3,1,3,0,0,0,0,0,4,4,7,3,0,2,3,3
C,30,70,70,30.7,5.1,7.8,0,0,5.1,7.8,3.1,4.9,3.3,8.3,11.6,1.2,0.8,1.4,1.7,3,13.4
PG,24,62,7,17.8,2.5,5.7,0.6,1.9,1.9,3.8,0.9,1.1,0.9,2.4,3.3,2.7,0.9,0.4,0.9,1.5,6.6
PF,27,68,68,30.2,6.3,11.2,0.9,2.5,5.4,8.6,2.8,4.6,2.4,4.1,6.6,3,0.8,0.8,1.4,1.9,16.3
SG,34,69,58,28.5,4.2,9.5,1.9,5.2,2.3,4.3,2.1,2.5,0.2,1.7,1.9,2.7,0.6,0.4,1.5,1.1,12.4
PG,27,73,8,18.3,2.2,5.9,1.6,4.6,0.6,1.3,1.3,1.8,0.3,1.4,1.7,2.7,0.6,0.2,0.7,1.1,7.4
PF,28,63,63,35.7,6.9,14.5,2.3,5.7,4.6,8.8,4.4,5.4,0.8,3.7,4.5,2.4,0.8,0.8,1.8,2.4,20.5
PF,23,1,0,35,6,12,2,5,4,7,2,2,3,6,9,7,0,1,4,5,16
SG,23,35,1,9.9,1.5,3.6,1.3,3,0.3,0.6,0.1,0.1,0.2,1.1,1.3,0.6,0.2,0,0.3,0.9,4.4
SG,35,11,0,12.5,2,4.5,1.5,3.4,0.5,1.1,0.1,0.1,0.3,1,1.3,0.5,0.5,0.3,0.9,1.5,5.5
PF,32,73,73,31.5,3.4,6.5,0.5,1.8,2.9,4.7,1.1,1.5,0.9,6.3,7.2,6.8,1,0.8,2.8,3.1,8.5
SG,20,76,76,34.2,7.4,17.9,2.5,7.3,5,10.6,4.8,6.1,0.6,3.2,3.7,3.7,0.8,0.2,2.6,1.7,22.1
PF,32,57,1,14,2.4,4.4,0.7,1.9,1.6,2.5,0.9,1.2,1.3,2.3,3.6,0.9,0.4,0.4,0.9,1.8,6.4
SF,29,32,1,15,1.9,3.4,0.4,1.1,1.5,2.3,0.9,1.4,0.8,1.9,2.8,0.7,0.8,0.7,0.6,1.6,5.2
PF,36,56,4,19.5,2.9,5.9,0.5,1.9,2.3,4,1.6,2.1,0.7,1.9,2.6,1.2,0.3,0.3,0.8,1.8,7.8
SG,22,60,21,25.7,3.4,6.4,1.1,2.8,2.3,3.6,1.1,1.6,0.9,2.1,3,1.7,0.7,0.1,1.2,2.6,9.1
SF,19,72,12,19.5,3.4,7.4,1.4,3.6,2,3.8,0.6,0.7,0.5,1.6,2.1,1,0.6,0.2,0.6,1.2,8.9
C,33,41,16,13.9,1.5,3.2,0.6,1.6,1,1.6,0.5,0.8,1.1,2.6,3.8,1.5,0.3,0.2,0.5,1.8,4.1
SG,22,71,66,29.9,4,8.5,2.2,5.7,1.8,2.7,1.1,1.4,0.7,2.5,3.2,2.1,0.7,0.4,1,2.5,11.3
PF,24,63,9,23.3,4.5,9.3,0.8,2.5,3.7,6.7,1.4,1.9,0.8,3.7,4.5,0.9,0.3,0.4,0.8,1.1,11.2
PG,22,56,56,33.6,7.4,15,2.9,7.2,4.5,7.8,3.1,3.6,0.6,3.1,3.7,10.4,1.6,0.4,2.5,1.2,20.7
SF,21,9,0,9.2,1,3.1,0.3,1.7,0.7,1.4,0.8,1,0.3,1,1.3,1.2,0.1,0,0.8,0.7,3.1
SG,21,47,3,16,2.2,5,0.9,2.5,1.3,2.6,1.2,1.6,0.4,1.5,1.9,1.1,0.6,0.2,0.9,1.1,6.4
SF,30,71,45,30.3,4.8,11.9,3,7.7,1.8,4.2,1.8,2.3,0.3,3.2,3.5,1.8,0.7,0.2,0.8,1.7,14.4
PG,33,58,58,36.8,6.4,14.5,2.8,7.2,3.6,7.3,5.4,6.2,0.7,5.4,6.1,10.7,1.2,0.5,3.4,1.9,21
SG,20,48,5,14.8,3,6.9,1.3,3.3,1.7,3.7,1.4,1.6,0.2,1.6,1.9,1.4,0.4,0.1,1,1.3,8.8
PF,22,9,0,5.3,0.9,1.8,0.3,1,0.6,0.8,0.1,0.1,0.3,0.4,0.8,0.4,0,0.1,0,0.3,2.2
C,29,57,7,11.9,2.2,3.7,0,0.1,2.2,3.6,1.2,1.8,1.2,1.6,2.8,0.6,0.3,0.4,0.6,1.3,5.6
SG,28,48,42,24.7,2.9,6.4,2,4.5,0.9,1.9,0.6,0.6,0.4,1.6,2,1.2,0.9,0.3,0.6,1.9,8.3
SF,31,74,33,20.6,2.7,5.9,1.9,4.5,0.8,1.4,0.2,0.4,0.3,1.9,2.2,1.4,0.5,0.2,0.6,1.9,7.6
SG,25,34,0,13.4,1.4,3.1,0.5,1.3,0.9,1.9,0.9,1.2,0.8,1.2,2.1,0.5,0.5,0.1,0.6,1.6,4.1
SF,30,74,74,32.9,5.7,11.4,1.7,4.4,4,7,1.5,1.7,0.9,4.8,5.7,2.5,0.9,0.5,1.2,2,14.7
SG,29,5,0,24,3,7.2,0.6,2,2.4,5.2,2.2,3,0.2,4.2,4.4,6,2.2,0.4,1.2,2.4,8.8
SF,27,76,52,32.3,3.6,6.8,0.8,2.2,2.8,4.7,1.7,2.3,1.9,5.9,7.8,3.8,1.2,0.3,1.5,2.6,9.8
C,24,82,8,19.8,2.1,4,0.1,0.5,2,3.5,0.6,0.9,2.5,4,6.5,1.2,0.6,0.8,0.8,2.6,5
C,42,7,1,10.1,1.4,4.1,0.4,1.3,1,2.9,0.6,0.7,0.6,1,1.6,0,0.1,0.3,0.1,1.6,3.9
SF,25,80,8,16.1,2.3,5,1.8,4.2,0.5,0.8,0.2,0.2,0.4,2.1,2.6,0.9,0.4,0.3,0.4,1.2,6.4
C,22,47,2,13,1.8,3.3,0.1,0.6,1.8,2.7,1.2,1.8,0.8,2,2.8,0.7,0.4,0.4,0.7,1.4,5
PG,21,76,56,28.3,4,10.7,1.1,3.8,3,7,1.2,1.5,0.4,2.5,2.9,6.2,1.4,0.4,2.3,2.9,10.3
SF,32,50,50,31.5,5.5,11.6,1,3.2,4.5,8.4,2.6,3.2,0.7,3.6,4.3,4.1,0.8,0.2,2,1.4,14.7
PF,27,42,10,14.6,1.1,2.7,0.4,1.6,0.7,1.1,0.2,0.4,0.6,2.3,2.9,0.6,0.4,0.1,0.4,1,2.9
C,28,38,2,12.1,2.3,4.4,0.1,0.3,2.3,4.2,2.1,2.7,1.5,3.2,4.7,0.9,0.4,0.3,1,1.7,6.9
SG,23,67,67,34.9,7.3,16.6,3,8,4.2,8.5,2.5,2.7,0.4,5,5.4,4.2,0.8,0.2,2.4,1.5,20.1
SF,30,80,73,31,5.9,13,3.6,8.5,2.3,4.5,1.3,1.6,0.8,4.2,5,2.8,1.2,0.3,1.7,2,16.8
PF,26,54,11,17.9,1.7,4,0.7,2,1,2,0.2,0.5,1.1,2.4,3.5,0.8,0.7,0.3,0.8,1.5,4.4
SF,27,5,0,1.8,0.4,0.8,0.2,0.6,0.2,0.2,0,0,0,0.6,0.6,0,0,0,0,0.2,1
PG,26,63,6,13.4,1.5,3.5,0.6,1.4,0.9,2.1,0.4,0.5,0.4,0.8,1.2,1.4,0.6,0.2,0.6,1.3,3.9
PG,32,67,65,32.6,7.3,15.3,2.4,6.1,5,9.1,2.3,2.6,1.2,3.9,5.1,7.4,1.2,0.4,2.9,1.7,19.3
SF,33,46,2,15.3,1.7,4.4,1,3.1,0.7,1.3,0.1,0.2,0.1,1.1,1.2,0.9,0.4,0.4,0.5,1.5,4.5
C,29,42,1,8.3,1.3,2.1,0.1,0.2,1.2,1.9,0.4,0.5,0.7,1.2,1.9,0.2,0.1,0.3,0.3,1.2,3.1
C,36,63,63,30.5,3.6,7.6,2.3,5.2,1.3,2.4,0.2,0.3,1.2,5,6.2,3,0.5,1,0.6,1.9,9.8
SG,22,65,20,20.2,4,9.4,0.9,3.1,3.1,6.3,1.9,2.6,0.6,2.6,3.2,3.8,0.6,0.4,1.9,1.7,10.7
SF,29,56,5,14.4,1.7,3.5,0.7,2,1,1.6,0.8,1.1,0.2,1.5,1.7,0.8,0.3,0.2,0.5,1.2,4.8
SF,20,51,4,15.9,1.3,3.6,0.9,2.7,0.4,0.9,0.3,0.4,0.7,1.3,1.9,0.6,0.2,0.1,0.4,1.2,3.8
PG,23,5,0,5.6,0.4,1.8,0.4,1.6,0,0.2,0.6,0.6,0,0,0,0.6,0,0,0.2,0.2,1.8
SG,24,75,75,29.4,5.6,11.5,2.7,6.8,2.9,4.7,1.3,1.7,0.6,2.8,3.3,2.9,1.1,0.3,1.3,2.4,15.2
C,24,7,0,13.6,2.1,3.6,0.9,1.7,1.3,1.9,2.1,2.3,0.9,2.1,3,1.4,0.4,0.6,0.7,2.1,7.3
SF,25,67,67,31.7,5.7,12.3,1.5,4.3,4.2,8,2.6,3.1,0.7,3.6,4.2,1.4,0.5,0.3,1.2,3,15.4
PG,22,56,1,19.4,4.1,10.2,2.1,5.6,2,4.6,1.5,1.8,0.4,2.1,2.4,3.1,0.7,0.3,1.5,1.7,11.8
C,33,16,0,11.6,1.6,3.4,0.4,1.1,1.3,2.3,0.5,0.8,0.9,1.8,2.8,0.3,0.1,0.4,0.7,1.4,4.1
PF,39,8,0,14.1,0.9,1.9,0.1,1.1,0.8,0.8,0.3,0.4,0.4,1.8,2.1,2.4,0.5,0.4,1.1,1.4,2.1
SF,35,46,0,22.7,2.3,5.4,1.8,4.4,0.5,1,0.4,0.5,0.3,2.5,2.8,3.3,0.7,0.1,1.2,1.6,6.9
SF,25,45,45,34.2,9,18.6,1.4,3.6,7.6,14.9,5.3,6,0.5,5,5.5,5.8,0.7,0.4,3.3,2.6,24.7
PF,25,11,0,11.3,2,4.8,0.5,1.4,1.5,3.5,0.5,0.8,1.4,2.6,4,0.5,1.3,0.4,0.4,0.5,5
SG,20,74,73,31.1,5.5,13.3,1.6,4.7,3.9,8.6,3.6,4.8,1,2.9,3.9,5.2,0.8,0.2,3.2,3.3,16.3
PG,24,1,0,5,0,3,0,1,0,2,0,0,1,1,2,1,0,0,0,0,0
C,21,63,12,16.5,2.8,5,0,0.2,2.8,4.8,1.5,2.3,1.8,2.7,4.5,0.8,0.5,1.5,0.8,2.4,7.2
C,23,63,63,28.4,6.6,13,1.6,4.5,5,8.6,3.8,4.9,1.7,5,6.8,1,1,3,1.7,3.6,18.6
SF,27,23,0,4.7,0.3,1.2,0.2,0.9,0.1,0.3,0,0.1,0.1,0.7,0.7,0.4,0.2,0.2,0.1,0.3,0.9
PG,24,9,0,15,2.1,4.7,0.1,1.3,2,3.3,1.9,2.4,0.2,0.7,0.9,1.7,0.4,0.1,0.4,1.1,6.2
PG,32,68,40,24.4,3.9,9.4,1.4,4.2,2.5,5.2,1,1.1,0.4,1.8,2.1,3.4,0.7,0.1,1.7,1.7,10.2
PF,38,55,54,35.5,11.1,22.2,2.2,6.9,8.9,15.3,4.6,5.9,1.2,7.1,8.3,6.8,0.9,0.6,3.2,1.6,28.9
SG,25,45,2,18.1,2.6,5.4,0.8,2,1.8,3.4,0.8,0.9,0.2,1.6,1.7,3,0.5,0.1,0.7,1.4,6.9
SG,23,73,10,19.1,3.1,7,2.2,5.4,0.9,1.6,1.1,1.4,0.4,2,2.4,1.2,0.7,0.1,0.5,1.4,9.5
PF,26,4,0,7.5,0.8,1.5,0,0.5,0.8,1,0.3,0.5,0.5,2,2.5,0.3,0.3,0,1,0.8,1.8
PF,26,42,41,28.5,5.3,11.3,2.5,6.1,2.9,5.2,2.4,2.9,0.8,3.6,4.4,1.9,1.2,0.3,0.9,2,15.5
SF,21,70,6,14.9,2.3,4.6,0.4,1.5,1.8,3.1,0.7,1.1,0.7,3.3,4,1.2,0.5,0.5,0.6,1.6,5.6
PF,35,18,1,9,1.2,2.7,0.2,0.8,1.1,1.9,0.2,0.4,0.2,1.4,1.7,0.8,0.4,0.3,0.4,1.8,2.8
SF,23,63,63,32.7,8,17.7,2.1,6.5,5.9,11.2,3.9,5.2,0.9,4.2,5,2.9,0.7,0.2,2.1,2,22
SG,20,40,0,10.4,1.7,4.5,0.7,2,1,2.4,0.7,1,0.3,0.8,1.1,1.5,0.5,0.2,1.1,1.1,4.7
SF,26,30,0,15.6,2.2,4.1,0.6,1.3,1.6,2.7,0.9,1.3,0.7,2.4,3.2,2.2,0.5,0.2,1.1,1.6,5.8
C,27,69,69,33.7,9.4,14.8,0.8,2.2,8.5,12.7,4.9,6,2.4,9.4,11.8,9.8,1.3,0.7,3.6,2.5,24.5
PG,25,7,0,8,0.9,2.1,0.4,0.9,0.4,1.3,0.7,1.1,0.1,0.6,0.7,0.9,0.3,0,0.3,0.3,2.9
C,27,41,1,11.6,1.3,2.1,0.2,0.4,1.1,1.7,0.5,0.7,1,2,3,0.4,0.2,0.5,0.6,1.3,3.5
PF,25,64,0,14,1.8,3.6,0.4,1.3,1.4,2.3,1,1.3,0.9,1.5,2.4,0.5,0.5,0.6,0.4,1.3,5
PF,24,66,66,29.6,3.6,7.6,0.8,2.5,2.7,5.1,1.9,2.4,1.5,2.6,4.1,2.5,1.6,0.6,1.3,3.2,9.8
C,22,46,0,12,1.5,2.6,0.1,0.4,1.4,2.2,0.4,0.6,0.8,1.9,2.7,0.3,0.4,0.7,0.7,1.4,3.4
PG,23,68,65,29.2,5,10.9,0.7,2.3,4.4,8.6,2.2,2.5,0.8,2.8,3.6,6.6,1.3,0.1,1.6,1.4,12.9
PG,26,80,22,24.3,3.9,8.9,1.5,4.1,2.4,4.8,1,1.3,0.4,2.2,2.5,5.2,1,0.1,0.9,0.4,10.3
C,34,39,8,15,2.3,2.9,0,0,2.2,2.9,0.6,1.2,1.3,3.8,5.2,0.9,0.3,0.6,1.2,1.8,5.1
PG,31,62,2,19.8,2.4,5.7,1.1,2.9,1.3,2.8,0.9,1.2,0.3,1.4,1.7,3.5,0.5,0.1,0.9,1.4,6.9
PF,19,15,8,13.6,1.9,4.6,0.5,2.3,1.3,2.3,1.2,1.3,0.6,1.5,2.1,0.7,0.5,0.1,0.7,1.3,5.5
SG,21,18,0,12.9,1.9,5.8,0.8,3.5,1.1,2.3,0.1,0.2,0.4,1.7,2.2,0.4,0.2,0.2,0.2,0.7,4.8
PF,25,4,0,9,0.5,1.8,0,0.8,0.5,1,0.5,0.5,1.3,1.3,2.5,0,0.5,0,0.3,0.8,1.5
C,29,36,0,6.5,0.9,1.8,0.4,0.9,0.5,0.8,0.4,0.4,0.2,1.3,1.4,0.9,0.2,0.1,0.3,0.6,2.5
SG,19,3,0,2.7,0.3,1.3,0.3,1.3,0,0,0,0,0,0.7,0.7,0,0,0,0,0,1
SG,26,59,14,22.3,3.2,6.5,2.3,4.6,0.9,1.9,0.6,0.7,0.3,2.4,2.7,1.5,0.5,0.1,0.8,1.4,9.3
C,21,74,40,23,4,5.6,0,0,4,5.6,1.1,2.1,3.1,5.3,8.4,0.9,0.4,2.3,0.8,2.3,9.2
SF,25,3,0,3,0.3,0.3,0,0,0.3,0.3,0.7,0.7,0,0.3,0.3,0,0,0,0,0,1.3
PF,23,1,0,29,8,13,4,8,4,5,0,1,2,2,4,2,1,0,2,4,20
SF,23,74,45,28.3,3.9,7.9,2.2,5.2,1.7,2.7,1,1.2,0.4,2.4,2.8,1.2,0.4,0.1,0.7,1.3,11.1
PF,31,37,5,25.1,2.1,4.6,1.1,3,1,1.5,0.7,1,0.8,2.8,3.6,1.4,0.3,0.8,0.7,2.3,5.9
C,25,38,0,7.7,1.2,2.1,0.2,0.6,1,1.6,1,1.5,0.6,0.9,1.5,0.3,0.3,0.2,0.6,1.1,3.7
C,22,58,19,13.8,1.2,2.6,0,0.2,1.2,2.4,0.6,1,1.4,1.5,2.9,0.5,0.4,1,0.3,2.2,3.1
SF,26,72,23,20.8,1.9,4.4,0.8,2.5,1.1,2,0.4,0.5,0.9,3.4,4.3,1.4,1.1,0.3,0.5,1.6,5.1
SG,25,37,0,9.5,1.3,3,0.5,1.2,0.8,1.8,0.7,1,0.2,1,1.1,0.6,0.3,0.1,0.6,0.5,3.8
C,27,69,0,11.7,1.6,2.5,0,0.2,1.6,2.3,0.5,0.6,1.2,1.6,2.9,0.8,0.2,0.7,0.4,1.2,3.8
PG,22,29,0,5.7,0.5,1.3,0.2,0.7,0.3,0.6,0,0.1,0.2,0.7,0.9,0.6,0.2,0,0.2,0.6,1.2
PF,20,67,16,20.8,3.9,7.4,0.8,2.2,3.1,5.2,1.3,2.1,1,2.4,3.4,1.9,0.6,0.5,1.4,2.3,9.9
PF,27,64,64,35,8,17.8,2.5,7.5,5.5,10.3,2.7,3.7,0.9,6.4,7.2,3.7,0.6,0.5,3,2.3,21.2
SF,25,62,4,19.3,2.4,5.1,1.2,3.2,1.2,1.9,0.7,1,0.9,2.6,3.5,1.5,0.5,0.3,0.9,2.2,6.7
C,27,69,4,14.2,2.6,4.9,0.3,1.2,2.3,3.7,1.1,1.5,1.7,2.3,4.1,1,0.2,0.4,0.9,1.8,6.6
SG,23,43,21,19.6,2.8,6,0.4,1.4,2.4,4.6,0.9,1.3,1.3,1.3,2.7,1.2,0.6,0.3,0.7,1.6,6.9
PF,21,35,0,11.8,1.1,2.7,0.7,2,0.4,0.7,0.2,0.3,0.5,1.3,1.8,0.6,0.3,0.1,0.5,1.4,3
SG,27,77,77,35.9,8.7,18,2.6,7.1,6.1,11,4.7,5.6,0.5,3.9,4.5,4.2,0.9,0.2,2.5,2.1,24.8
SG,22,15,0,7.2,1.5,2.9,0.7,1.7,0.8,1.3,0.1,0.5,0.4,1,1.4,0.1,0.1,0,0.2,0.7,3.7
SG,30,74,5,20.4,2.7,6.1,1.5,3.3,1.2,2.8,1.3,1.4,0.5,2.5,3,1.3,0.4,0.1,1.1,1.6,8.2
PG,23,25,1,14.9,2,4.8,0.4,1.2,1.5,3.6,1.7,2.3,0.5,1.3,1.8,2.7,0.8,0,1,1.3,6
C,29,26,2,6.2,0.6,1.2,0,0.1,0.6,1.1,0.4,0.6,0.9,1.4,2.3,0.5,0.2,0.4,0.6,1.1,1.7
SF,31,52,50,33.6,8.6,16.8,2,4.8,6.6,11.9,4.7,5.4,1.1,5.4,6.5,3.9,1.4,0.5,1.7,1.6,23.8
C,30,9,2,12.7,1.6,3.2,0.8,2,0.8,1.2,0.9,1,1.3,2.4,3.8,0.1,0.2,0,0.7,1.8,4.8
SG,28,74,30,30.2,4.3,10,1.7,4.4,2.6,5.6,1.8,2.4,0.7,3.1,3.8,3.9,1,0.3,1.6,2.3,12.1
PG,21,25,0,9.4,1.6,3.5,0.6,1.4,1,2.2,0.8,0.9,0.2,1.1,1.3,0.9,0.4,0.1,0.4,1,4.6
PG,32,58,58,36.3,9.6,20.7,4.2,11.3,5.4,9.4,8.8,9.6,0.8,4,4.8,7.3,0.9,0.3,3.3,1.9,32.2
SF,22,54,4,18.1,2.5,5.6,1.1,2.9,1.4,2.7,0.6,0.9,0.5,2.1,2.6,0.9,0.4,0.4,0.7,1.2,6.6
PF,24,52,22,23.1,2.3,5.5,1.4,3.9,0.9,1.6,0.6,0.8,0.5,2.2,2.8,0.8,0.5,0.5,0.6,2,6.7
PF,20,24,1,7.3,2,3.9,0.3,0.7,1.8,3.2,0.7,1.1,0.8,1.3,2.1,0.8,0.2,0.1,0.5,1.2,5
C,26,82,70,23.9,3,4.7,0,0,3,4.7,1.1,1.9,3.3,5.9,9.3,2.5,0.6,0.6,0.5,2.7,7
C,34,78,78,30.4,6.1,11.5,1.7,4.7,4.4,6.9,1.9,2.4,2,4.7,6.7,1.3,0.5,2.5,1.4,2.6,15.9
C,34,37,2,8.1,1.3,2,0.1,0.1,1.2,1.9,0.4,0.5,0.6,0.8,1.4,0.5,0.1,0.2,0.7,1.2,3
PF,34,62,20,20,2.7,6.8,1.6,4.8,1.1,2.1,1.3,1.5,1,5.5,6.4,1.9,0.3,0.2,1.1,1.6,8.2
PG,36,55,44,31.2,3.6,8.8,1.9,5.6,1.6,3.2,2.1,2.5,0.8,3.3,4.1,5.1,1,0.4,1.9,2.6,11.2
PF,27,74,0,16.9,2.5,5.5,1.2,3.2,1.4,2.3,1.4,1.7,0.9,3.1,4.1,0.9,0.4,0.4,0.9,1.3,7.6
PG,21,44,7,19.4,2.3,5.8,0.6,2.2,1.7,3.6,1.4,1.7,0.3,2.5,2.8,3.5,0.8,0.3,1.3,1.4,6.7
C,23,43,7,15.3,2.3,5.3,0.7,2.3,1.6,3,0.9,1.3,1.6,2.7,4.3,1.4,0.3,0.3,0.8,1.2,6.1
SG,26,81,36,23.1,3.4,6.5,1,2.4,2.4,4,1.1,1.5,1,2.5,3.4,2.3,0.5,0.3,1,1.8,8.8
PG,21,67,5,17.7,2.9,7.5,1.2,3.8,1.7,3.6,0.6,0.8,0.4,1.9,2.3,1.8,0.6,0.2,0.9,1.5,7.7
C,34,31,0,5.5,1.3,1.9,0,0,1.3,1.9,0.6,0.9,0.6,1.3,1.9,0.3,0.2,0.1,0.5,0.3,3.3
PF,25,66,66,34.4,8.7,17.3,3,7.7,5.6,9.6,5.3,6,2,6.7,8.6,1.9,0.6,0.6,1.9,2.1,25.6
SF,25,77,21,23.3,3.2,7.4,0.9,2.8,2.4,4.6,1.8,2.3,0.6,3,3.6,2.5,0.7,0.2,1.3,1.5,9.1
SF,27,71,49,29.3,3.6,7.7,1.2,3.3,2.4,4.4,1.3,1.6,1.2,3.6,4.8,1.6,1,0.4,1.1,2,9.6
SF,27,7,0,19.1,2,5.1,0.4,2,1.6,3.1,0.6,1,1.1,2.3,3.4,1.6,0.6,0.1,0.3,1.9,5
SF,22,82,49,28,5,8.8,0.8,2.6,4.2,6.1,1.8,2.7,1.5,4,5.5,1.5,0.5,0.4,1.1,1.8,12.7
SG,23,16,0,4.1,0.6,1.4,0.1,0.4,0.5,1,0.1,0.1,0.3,0.4,0.8,0.1,0.1,0,0.1,0.1,1.3
SG,26,54,0,12.7,1.4,3.7,1.2,3.3,0.2,0.4,0.9,1,0.2,1.1,1.4,0.5,0.4,0.1,0.4,1.1,4.8
SG,20,78,17,28.5,5.3,12.2,1.3,4,4,8.2,4.8,5.8,1.1,3,4.1,1.5,0.6,0.2,1.9,2.1,16.7
SF,36,52,0,15.8,1.1,3.1,0.8,2.4,0.4,0.7,0.5,0.5,0.7,1.5,2.2,0.7,0.4,0.3,0.3,1.4,3.4
SG,22,60,41,33.6,7.3,15.2,2.7,6.2,4.7,9.1,3,3.6,0.4,2.6,2.9,3.5,0.8,0.1,1.3,2.2,20.3
PG,25,6,6,31.5,5.7,11.3,2,4.3,3.7,7,2,2.2,0.3,2.8,3.2,8.3,1,0.2,1.7,1.8,15.3
PG,22,64,2,11.9,1.2,3.4,0.6,2.1,0.6,1.3,0.4,0.7,0.2,0.6,0.8,1.1,0.6,0.1,0.4,0.9,3.5
SG,24,2,0,20.5,4.5,10,2,5.5,2.5,4.5,1.5,2.5,1.5,3.5,5,4.5,0,0,1.5,1.5,12.5
SG,31,75,75,35.3,7.8,17.9,2.8,7.2,5,10.7,2.4,3.2,0.7,3.6,4.4,5.7,0.9,0.5,2.4,2,20.9
PG,30,75,6,20.3,3.8,6.9,0.3,0.8,3.4,6.2,0.8,0.9,0.6,2.5,3.1,5.3,1.1,0.1,1.9,1.4,8.7
SF,22,79,79,30.6,4.7,9.1,1.4,3.4,3.3,5.7,1.3,1.8,1.2,2.7,3.9,1.9,0.9,1,1.4,3.4,12.1
SF,25,80,24,23.9,3.5,7.7,1,2.9,2.6,4.8,1.5,1.7,0.8,3.5,4.3,1.6,1,0.4,1.2,2.6,9.4
SF,31,64,0,20.5,3.7,8.2,1.9,4.7,1.8,3.5,0.8,1.1,0.4,1.8,2.2,1.4,0.2,0.1,0.9,1.8,10.2
C,35,42,7,8.5,1.9,3,0,0.1,1.9,2.9,0.6,1,0.7,1.8,2.5,0.3,0.1,0.6,0.9,1.3,4.4
SG,20,46,7,17.1,1.7,4.4,0.6,1.7,1.2,2.7,1.3,1.7,0.4,1.6,2,1.2,0.3,0.1,0.9,1,5.3
SG,31,32,12,16.4,1.9,4.8,1.3,3,0.7,1.7,0.6,0.7,0.6,1.7,2.3,0.9,0.5,0,0.3,1.2,5.7
PG,26,43,0,15.8,1.4,3.4,0.6,1.8,0.9,1.6,0.3,0.4,0.3,1.1,1.4,3.4,0.7,0.1,0.8,0.7,3.7
SG,24,77,58,27.9,3.6,8.5,2,5.2,1.6,3.2,0.9,1.1,0.9,3.2,4.1,2.6,1.6,0.5,1.3,2.5,10.1
SG,26,5,0,11.8,1.8,4.4,1,3.6,0.8,0.8,0.4,0.4,0,1.8,1.8,1,0.8,0,0,0.6,5
PF,25,66,0,10.4,2,3.3,0.1,0.6,1.8,2.7,0.8,1.1,0.7,2.3,3,0.6,0.3,0.3,0.5,1.2,4.9
SF,31,33,19,24.3,5.4,12.3,1.5,4.9,3.8,7.4,2.8,3.1,0.8,3.4,4.2,4.9,0.7,0.2,2.2,2.1,15.1
PG,34,40,2,14.2,2.2,5.2,1.2,3.4,0.9,1.9,0.6,0.8,0.2,0.9,1.1,1.4,0.4,0.1,0.8,0.8,6.2
SG,26,76,11,20.6,3.2,6.6,0.7,1.9,2.4,4.7,1.3,1.5,0.5,2,2.5,3.2,0.3,0.2,1.2,1.6,8.4
SF,23,4,0,22.3,1.8,5.8,0.8,3,1,2.8,0,0.3,0.8,3,3.8,1,0.5,1.3,1,2.3,4.3
SF,20,15,0,6.4,1.2,2.4,0.1,0.4,1.1,2,0.5,0.5,0.3,1.3,1.7,0.3,0.3,0.4,0.2,0.7,3.1
PG,24,80,9,18.1,2.3,5,0.8,2.5,1.5,2.5,0.3,0.4,0.2,1.1,1.3,2.3,0.6,0.2,0.8,1.4,5.6
SG,26,68,68,35.8,10,20.6,3.6,9.3,6.4,11.3,4.7,5.4,0.9,3.3,4.3,4.4,1.5,0.4,2.6,2.5,28.3
PF,21,79,79,34.4,6.6,12,0.3,1.3,6.4,10.7,2.6,3.8,2.4,6.6,9,2.8,0.8,1.5,1.8,2.8,16.2
PF,23,12,0,7,1,2.3,0.3,0.7,0.8,1.7,0.3,0.3,0.3,1.3,1.7,0.3,0.3,0.3,0.1,0.7,2.6
SF,27,2,0,4,0.5,1,0,0,0.5,1,0,1,1,0,1,0.5,0,0,1,1,1
SG,24,77,0,22.3,4.6,10.3,1.9,5.2,2.8,5.2,2.4,2.7,0.4,2.2,2.6,3.9,0.6,0.3,1.9,1.6,13.5
SG,20,63,3,13,1.7,3.6,0.8,2.1,0.9,1.5,0.6,0.8,0.4,1.2,1.7,0.8,0.3,0.1,0.5,0.9,4.8
SG,28,4,0,5,0.8,2.3,0.3,0.8,0.5,1.5,0,0,0,0.8,0.8,1.3,0,0,0.3,0.5,1.8
SG,21,29,2,5.3,0.6,1.5,0.1,0.6,0.6,0.9,0.1,0.2,0.1,0.5,0.6,0.6,0.3,0.2,0.3,0.4,1.4
PG,23,61,59,31.9,9.3,19.9,1.5,4.9,7.8,15,6.1,8.1,1,4.9,5.9,8.1,1.1,0.3,3.4,1.6,26.2
PF,33,65,65,28.1,4.2,9.9,1.7,4.7,2.5,5.2,1,1.3,0.4,3.5,4,1.8,0.6,0.3,0.9,2.1,11.2
PF,33,35,2,10.1,1.3,3.3,0.8,2,0.5,1.3,0.3,0.3,0.4,1.7,2,0.9,0.3,0.1,0.5,1.4,3.8
PG,27,62,61,27.3,4,8.3,1.3,3.3,2.7,5,1,1.2,0.4,3,3.4,5.3,0.7,0.2,1,1.2,10.3
SF,22,79,65,31,4.9,10.1,2.6,6.3,2.3,3.8,2.2,2.4,0.7,2.8,3.6,1.4,1.1,0.5,0.8,2,14.5
SG,26,74,74,36.4,8.3,17.8,1.8,5.2,6.5,12.6,2.1,2.6,0.7,4.5,5.3,6.1,1.5,0.3,2.2,1.4,20.5
PG,25,65,65,32.8,7.3,16,2.6,6.6,4.6,9.4,2.8,3.3,0.7,3.2,4,6.2,1,0.2,2.2,1.6,20
SF,22,80,78,29.8,4.4,9.8,2.6,6.3,1.9,3.5,0.8,1,1.1,3.5,4.6,1.2,0.8,0.5,0.8,2,12.2
C,31,63,9,15,2.1,4.6,1.3,3.3,0.8,1.3,0.6,0.8,0.6,2.6,3.2,0.8,0.2,0.4,0.4,1.6,6.1
SF,25,32,8,14.6,2.4,5.4,1.3,3.1,1.1,2.3,0.8,1.2,0.5,1.2,1.7,1.7,0.5,0.1,0.8,0.7,6.9
C,30,65,1,21.2,2.9,4.7,0.2,0.6,2.6,4,0.8,1.2,1.6,3.8,5.4,1.8,0.9,0.6,0.6,2,6.8
SG,23,75,63,27.6,3.8,8.6,1.2,3.5,2.6,5.1,0.7,0.8,0.5,2.2,2.7,4.5,0.9,0.2,1.7,2.4,9.5
SF,23,73,60,24.9,3.5,8.1,1.6,4.3,1.9,3.8,1.6,1.9,0.8,2.9,3.8,1.3,0.8,0.5,1,3.2,10.1
PG,30,48,1,10.5,1.2,2.3,0.3,0.9,0.9,1.4,0.6,0.7,0.2,0.8,1,1.6,0.4,0.1,0.5,1,3.3
PF,29,78,1,19.4,2.8,6.4,2,4.9,0.9,1.5,0.5,0.6,0.2,2.1,2.4,1,0.4,0.2,0.7,1.9,8.2
PG,20,57,7,16,1.4,4.2,0.7,2.5,0.7,1.7,0.4,0.6,0.3,1.4,1.7,2.3,0.5,0.1,1.5,1,4
PF,22,53,5,13.7,2.1,3.7,0.3,1.2,1.8,2.5,0.8,1.2,1.2,1.4,2.6,0.3,0.3,0.4,0.6,2,5.2
C,28,17,4,11.5,0.8,2.1,0.1,0.1,0.7,2,0.5,0.7,0.6,2.1,2.7,0.6,0.9,0.6,0.8,1.9,2.1
SG,23,65,2,19.3,4.3,9.6,1,3.6,3.3,6,1.2,1.5,0.6,2.1,2.6,2,0.6,0.1,1,1.6,10.8
SG,24,47,5,12.9,1,2.8,0.4,1.4,0.7,1.4,0.5,0.7,0.1,1.2,1.3,1.2,0.3,0.1,0.6,1.4,2.9
SG,27,70,2,13.8,2.7,6.4,1.1,3.2,1.6,3.2,0.5,0.6,0.2,1.3,1.6,1.3,0.4,0.1,0.9,0.9,7.1
C,28,52,52,26.8,5,9.7,0.8,2.3,4.2,7.4,2.4,3.7,2.2,6.9,9.1,2.9,0.8,0.8,2.3,3.6,13.3
SF,24,62,14,19.2,3.1,7.2,1.4,3.4,1.7,3.8,1.1,1.4,0.8,2.9,3.7,1.4,0.4,0.2,1.1,1.2,8.7
SF,29,76,53,31.7,3,7.8,2.1,5.5,0.9,2.3,0.7,0.9,0.7,4.3,5.1,3.7,0.9,0.6,1.5,3.1,8.8
SF,24,27,8,19.2,1.6,4.5,1,3.2,0.6,1.3,0.6,0.8,1,2.6,3.6,1.4,0.7,0.4,0.6,1.5,4.7
SG,24,72,26,18.8,2.3,5.8,0.9,2.7,1.3,3,1.9,2.7,1.5,2,3.5,1.5,0.8,0.5,0.9,1.6,7.3
C,22,80,18,23.1,4,6.2,0.1,0.2,3.9,6.1,1.9,2.5,2.7,4.5,7.2,1,0.7,1.3,1,3.1,9.9
SF,22,76,46,21.7,2.3,4.7,0.8,2.3,1.5,2.4,1,1.4,0.7,1.8,2.5,1.1,0.7,0.4,0.6,2.1,6.4
PF,23,35,3,7.1,0.5,1.1,0.2,0.6,0.3,0.5,0.2,0.2,0.2,0.8,1,0.4,0.2,0.2,0.2,1.1,1.3
SG,30,42,2,26.3,3.8,9.6,1.7,5,2.1,4.5,1.4,1.9,0.4,2.7,3,3.5,1.4,0.3,2.1,2.4,10.7
C,31,68,68,28.6,4.1,8.2,1.4,3.5,2.7,4.7,2.9,3.4,1.2,5,6.2,3.7,0.9,0.5,2.5,3.4,12.5
SF,25,40,6,16.1,2.5,5.7,0.6,2.2,1.9,3.5,1.3,1.9,1.1,1.7,2.8,0.7,0.7,0.1,0.9,2.3,7
SF,27,77,2,20.1,3.1,6.9,1.5,4.1,1.6,2.8,1,1.4,0.3,2,2.3,1.5,0.5,0.1,0.7,1.6,8.7
SF,27,48,40,32.3,7.4,17.1,2.3,7.1,5.1,10,3.3,4.3,1.4,3.8,5.2,1.1,1.4,0.4,1.3,2.9,20.3
PG,37,59,59,32,5,11.3,1.7,4.4,3.3,6.9,2.3,2.7,0.5,3.8,4.3,8.9,1.5,0.4,1.9,2.1,13.9
PG,28,48,15,20.2,3.9,9.4,1.4,3.9,2.5,5.6,1,1.3,0.3,2,2.2,4.5,0.7,0.2,1.7,1.8,10.3
SG,30,22,1,16.7,1.9,3.1,0.6,1.2,1.3,2,0.3,0.3,1.1,2,3.1,1.4,1,0.2,0.7,2,4.6
SG,27,40,1,8.1,0.8,2.2,0.6,1.6,0.2,0.6,0.3,0.3,0.3,1.3,1.6,1.2,0.2,0,0.3,0.9,2.4
PG,22,6,0,5.3,0.7,2,0.2,0.5,0.5,1.5,0.8,1.5,0.3,0.3,0.7,0.3,0.3,0.2,0.3,0.5,2.3
C,32,79,60,26,4.2,6.1,0,0,4.2,6.1,2.5,4,2.9,6,8.9,3.1,0.6,0.6,1.5,2.7,10.8
C,27,72,71,26.5,5.4,8.6,0,0,5.4,8.6,1.7,2.8,3.3,5.8,9.1,2.7,0.9,1.2,1.7,2.7,12.5
PF,21,34,25,20.6,3.2,7.3,1.1,3.1,2.1,4.3,0.6,1,1.3,3.4,4.7,1.9,0.6,1.3,1.3,1.7,8.1
PG,23,82,43,30,6.7,15.6,2.6,7.8,4.1,7.8,4.4,5.1,0.4,2.4,2.7,4.5,0.8,0.3,3.1,2.6,20.4
PG,22,59,59,34.3,6.6,15,2.4,6.5,4.2,8.5,3.5,4.5,1.3,4,5.3,5.7,1.4,0.3,3.2,2.6,19.2
SF,24,62,62,29,6.4,13.2,3,7.3,3.4,5.9,1.5,1.9,1,4.5,5.5,1,0.6,0.5,1.1,1.9,17.4
SF,29,8,2,18.3,1.9,3.8,0.8,2.1,1.1,1.6,1,1,0.8,1.6,2.4,1,1.4,0,0.5,0.9,5.5
PF,27,70,22,26,5.7,11.5,1.4,3.7,4.3,7.8,1.4,1.8,2.2,7.4,9.6,1.5,0.4,0.2,1.2,1.6,14.1
C,27,65,65,32.6,7.8,15.7,2.1,5.5,5.7,10.2,5.4,6.4,1.8,6.6,8.4,2.7,0.9,1.5,2.1,3,23.2
PF,24,7,0,7.4,1.4,2.1,0.6,1,0.9,1.1,0,0,0.4,1.9,2.3,0.6,0.1,0,0.3,0.7,3.4
C,31,76,64,19.2,2.6,3.5,0,0.1,2.6,3.5,1.5,2.2,2,2.2,4.1,0.9,0.6,0.3,0.9,2.8,6.7
SG,29,60,8,26.1,5.7,11.8,1.9,4.8,3.8,7.1,3.8,4.6,0.4,2.5,2.9,1.8,0.8,0.3,1.7,2.1,17
PG,23,14,0,8.9,1.3,2.9,0.4,1.3,0.9,1.6,0,0.1,0.1,1.4,1.6,1.9,0.1,0,0.7,0.5,2.9
SG,20,4,0,23.3,2.3,6.5,0.8,3,1.5,3.5,1.8,2.3,0.5,2.8,3.3,4.5,0.3,0.5,2.8,2,7
PF,28,54,4,22.1,3.3,7,1.4,3.6,1.9,3.4,1.2,1.4,0.3,2.2,2.4,1.6,0.5,0.3,1.3,2.3,9.1
PG,25,48,3,13.4,2.1,5.1,1.2,3.2,0.9,1.9,0.3,0.3,0.5,1.3,1.8,1.3,0.3,0,0.8,0.8,5.6
SG,25,7,0,10,1,4.1,0.3,2.1,0.7,2,0.7,0.7,1.1,1.3,2.4,0.9,0.3,0.7,1,0.6,3
C,23,5,0,5.8,1.2,1.8,0,0,1.2,1.8,0,0.4,1,1.2,2.2,0.2,0,0.4,0.2,1.4,2.4
SG,23,81,21,28.9,5.2,11.6,2.1,5.6,3.1,6,2.5,3.1,0.7,3.4,4.2,3.4,1,0.2,1.2,2,14.9
SG,22,4,0,4.5,0.5,1.3,0.5,1,0,0.3,1,1.5,0.3,0.5,0.8,0.5,0.3,0,1.3,0,2.5
PF,28,77,77,35.5,8.5,18.6,2.8,8.3,5.7,10.3,5.2,6.9,1.8,8.1,10,4.1,0.6,0.3,2.8,3,25.1
SG,24,64,22,28.8,4,7.7,1.3,3.4,2.7,4.3,3.6,4.1,0.5,2.5,3,3.4,0.5,0.3,1.5,1.7,13
SF,23,40,20,24.8,3.5,7.8,1.1,3.6,2.4,4.2,1.6,1.9,0.5,1.8,2.2,1.4,1,0.4,1.2,1.8,9.7
SG,27,43,1,8,0.7,2,0.4,1.1,0.3,0.9,0.4,0.6,0.2,1.1,1.4,0.5,0.3,0.1,0.5,0.9,2.1
C,23,69,2,10.9,1.8,3,0,0.1,1.8,2.9,0.6,0.7,1.6,2.2,3.8,0.4,0.7,0.7,0.7,1.8,4.2
C,23,68,11,18.4,4.6,8.5,1.1,3.2,3.5,5.3,1.3,1.9,1.1,3.8,4.9,1.1,0.6,0.8,1.4,2.6,11.5
SG,23,14,0,14.1,1.2,3.1,0.4,1.4,0.9,1.7,0.4,0.4,0.8,1.9,2.6,0.3,0.3,0.1,0.2,1.6,3.2
C,25,65,9,18.7,3,4.8,0,0,3,4.8,2.1,2.8,2.3,4.1,6.4,0.6,0.2,1.1,0.9,2.4,8.2
SG,29,65,10,23.5,3.7,8.5,1.6,4.5,2,4,1.1,1.2,0.6,2.1,2.7,2.7,1.1,0.3,1.3,1.8,10.1
SG,30,52,10,19.5,1.8,4,0.8,2.4,0.9,1.7,0.6,0.8,0.1,1.5,1.6,1.4,0.5,0.1,0.4,1.5,4.9
SF,28,42,1,16.5,2.1,5.6,1.5,4.6,0.6,1.1,0.7,0.8,0.2,1.5,1.6,1.1,0.3,0,0.7,1.8,6.4
C,24,59,58,27,3.2,4.7,0,0,3.2,4.7,1,2.1,4.5,4.9,9.4,0.9,0.9,1.8,0.7,2.7,7.4
C,22,31,1,13.7,1.5,2.9,0,0.2,1.5,2.7,0.7,1,1.5,2.5,4.1,0.8,0.4,0.4,0.5,1.7,3.7
PF,22,43,20,18.9,2.6,5.8,0.9,2.6,1.7,3.2,0.8,1,1.7,2.5,4.2,1,0.6,0.3,0.4,1.7,6.8
PF,24,42,2,11.3,1.6,3.7,0.4,1.4,1.2,2.3,0.5,1,0.5,2,2.5,0.9,0.4,0.2,0.7,1.3,4.1
PF,21,70,4,18,2.6,6,0.9,3,1.6,3,0.6,0.9,0.7,2,2.8,0.8,0.4,0.3,0.8,1.5,6.7
PG,20,12,0,5.2,0.6,1.7,0.3,0.8,0.3,0.9,0.5,0.5,0.3,0.8,1,0.5,0.1,0.1,1.3,0.8,1.9
PG,34,27,0,12.5,2.3,5.9,0.7,2.3,1.6,3.6,0.4,0.4,0.3,1.2,1.5,1.7,0.3,0.2,0.8,0.7,5.6
SG,31,63,9,21.1,3.2,7.4,1.5,4.1,1.7,3.3,0.4,0.5,0.3,2.1,2.4,1.5,0.6,0.2,0.7,1.5,8.3
SG,28,63,63,35.3,7.8,18.9,2.6,8,5.2,10.8,2.8,3.5,0.8,3.3,4.1,5.1,1.2,0.3,2.1,1.9,21.1
PG,32,33,2,17.2,1.8,5.4,0.6,2.5,1.2,2.9,0.8,1.1,0.3,1.8,2.1,3.5,0.8,0.2,0.9,1.5,5.2
PG,26,71,71,32.5,6.3,13.4,2.7,6.9,3.5,6.5,2.5,3,0.5,2.5,3,6.2,1,0.4,2.6,2,17.8
SF,25,34,0,9.1,1.2,3.2,0.9,2.5,0.2,0.7,0.3,0.4,0.1,0.6,0.8,0.5,0.1,0,0.2,0.8,3.6
C,26,79,79,34.6,7.3,11.9,0.4,1.1,6.9,10.8,4.1,5.5,3.2,9.1,12.3,7.3,0.8,0.5,2.9,3.5,19.1
PF,23,7,4,23,3.7,8.1,1.1,4.4,2.6,3.7,1.3,1.9,0,4.3,4.3,2.1,0.9,0.3,1.4,2.4,9.9
C,23,9,1,12.7,1.7,3.3,0.1,0.9,1.6,2.4,0.6,0.8,1.3,2.1,3.4,0.4,0.1,0.6,0.4,1.9,4
SF,24,2,0,3,0.5,1,0.5,0.5,0,0.5,0,0,0,0,0,0.5,0.5,0,0,0.5,1.5
PF,25,37,0,12.2,1.5,3.3,0.6,2,0.8,1.3,0.6,0.6,0.6,1.1,1.7,0.8,0.2,0.1,0.4,1.6,4.2
PG,29,66,50,30.1,4.1,9.8,1.1,3.4,3,6.4,3.3,3.8,0.3,2.2,2.5,4.5,0.8,0.2,1.7,2.2,12.6
SG,22,2,0,15,2.5,3.5,1,1,1.5,2.5,0.5,1,0,3,3,0.5,1,0,1.5,1,6.5
SG,22,5,0,2.4,0.4,1,0,0,0.4,1,0,0,0.2,0,0.2,0,0,0,0,0.2,0.8
C,20,75,72,28.9,5.9,10.7,0.3,0.8,5.6,9.9,2.7,3.8,3.2,5.8,9,3.9,0.9,0.9,2.6,3.4,14.8
PG,24,48,15,23.9,4.9,9.8,1,2.5,3.9,7.2,3.4,4.1,0.8,1.4,2.2,2.9,0.6,0.1,1.8,2.3,14.3
SG,25,40,9,20.2,2.8,7.5,1.9,5,1,2.5,1.1,1.3,0.3,1.4,1.7,2.3,0.7,0.1,0.9,1.5,8.7
C,21,48,3,11.5,1.9,3.6,0.1,0.2,1.8,3.3,0.7,1.1,2.1,2.1,4.2,0.8,0.3,0.7,0.9,1.9,4.7
SG,19,80,15,22.2,3.8,8.1,1.3,3.5,2.6,4.6,0.9,1.3,0.8,2.2,3,1.2,0.5,0.3,1,1.7,9.9
PF,28,71,71,37.4,8.9,18.5,1.3,4,7.6,14.5,5.2,6.7,1.8,6,7.8,5.8,0.9,0.5,2.4,3.2,24.2
PF,26,1,0,3,1,1,0,0,1,1,0,0,0,0,0,0,0,0,1,2,2
PG,26,42,33,26.3,3.2,5.6,0,0,3.2,5.5,0.6,1.4,1,5.3,6.3,6.1,1.3,0.6,2.3,3.3,6.9
SG,25,5,0,5.6,0.2,1.2,0.2,1,0,0.2,0.4,0.4,0.2,0.6,0.8,1,0,0.4,0.2,0,1
C,23,7,0,2.9,0.3,1,0.1,0.6,0.1,0.4,0.1,0.3,0.1,0.1,0.3,0,0,0,0,0.7,0.9
SG,23,62,62,35,7.5,16.9,3.4,9.1,4.1,7.8,2.6,2.9,0.3,2.3,2.6,4.1,0.7,0.2,2.1,2.3,21.1
C,24,52,16,15.6,1.6,2.1,0,0,1.6,2,0.2,0.3,1.9,2.8,4.7,0.5,0.3,0.5,0.5,1.8,3.4
PG,28,61,61,32.1,4.1,9.9,1.9,5.6,2.2,4.3,1.4,1.9,0.8,2.4,3.1,6.3,1.5,0.4,2.3,2.8,11.5
PG,25,54,15,25.7,3.4,8.4,0.4,2.1,3,6.3,1.4,2,0.5,2.6,3.1,4.8,1.4,0.5,1.5,2.3,8.8
SG,25,15,1,10.5,1.2,3,0.3,1.3,0.9,1.7,0.2,0.2,0.1,1.5,1.6,1.5,0.7,0.3,0.2,1.5,2.9
PG,34,43,0,9.3,1.2,3,0,0.3,1.2,2.8,0,0.1,0.1,1.1,1.3,2.3,0.2,0.2,1,0.8,2.5
PF,19,79,79,31,4.6,11.3,1.5,4.9,3.1,6.3,2.1,2.6,1.5,5.7,7.2,1.3,0.5,0.9,1.3,2.9,12.8
C,22,68,31,18.8,3.6,7.5,0.8,2.8,2.8,4.7,1.5,2,1.9,3.9,5.8,1,0.3,0.9,1.1,2.3,9.4
SF,25,4,0,12,1.3,2.5,0.8,1.5,0.5,1,1,1,0,1.3,1.3,1.3,0,0.3,0.8,1.8,4.3
PF,19,56,53,26,4.5,9.9,0.6,2.4,3.9,7.5,1.4,2.1,1.7,3.6,5.3,2.5,0.8,0.4,1.7,2.5,11
SG,20,16,2,5.6,1.1,2.2,0.1,0.3,0.9,1.9,0.4,0.5,0.4,0.5,0.9,0.5,0.4,0.2,0.2,0.9,2.6
SF,25,62,25,18.1,2.1,4.6,0.5,1.5,1.6,3.1,0.6,0.9,0.8,2.6,3.3,0.5,0.4,0.3,0.4,1.3,5.3
C,21,50,47,28.3,3.9,8.8,1.3,4.1,2.6,4.7,2.2,3,2.3,5.8,8.1,1.4,0.4,0.7,1.4,2.7,11.3
SF,26,80,33,28.4,4.1,9.9,2.5,7,1.6,2.8,1,1.1,0.6,2.6,3.2,2.1,0.5,0.2,0.9,2.1,11.5
SG,21,53,19,23.5,3.5,8.4,1.2,3.8,2.3,4.6,1.6,2.2,1,2,3,2.9,1.3,0.5,1.8,2.3,9.9
SG,27,53,12,13.9,2.3,5.1,0.6,1.6,1.8,3.4,1.9,2,0.2,1.2,1.5,1.3,0.6,0.2,0.9,1.6,7.1
SF,23,7,0,5.9,0.4,1.3,0.4,1.1,0,0.1,0,0,0.1,0.9,1,0.6,0,0,0,0.4,1.3
SF,27,31,7,21.8,3.5,7.4,0.4,1.5,3.1,5.9,1.6,2.2,1.3,2.5,3.8,2.7,0.7,0.2,1.5,3.4,9.1
SF,24,74,74,36.9,9.8,21.1,3.2,9.3,6.6,11.8,7.2,8.4,1.1,7.7,8.8,4.6,1.1,0.7,2.9,2.2,30.1
PF,23,31,2,8.5,1.3,2.4,0.2,0.6,1.1,1.8,0.2,0.4,0.9,0.6,1.5,0.3,0.1,0.2,0.3,0.8,2.9
SG,36,25,0,6.5,0.7,1.8,0.4,1,0.3,0.8,0.1,0.2,0.2,0.5,0.7,0.5,0.4,0.1,0.2,0.6,2
SG,20,38,0,5.6,0.8,1.9,0.2,0.7,0.7,1.2,0.4,0.6,0.3,0.7,1,0.6,0.3,0.1,0.2,0.6,2.2
C,30,7,1,15.6,3,6.3,0.3,1.6,2.7,4.7,0.7,1.7,1,2.1,3.1,1.3,0.3,0.9,0.4,1,7
SG,21,57,4,16.6,3.5,8,0.9,2.3,2.6,5.7,2.6,3.1,0.1,1.5,1.7,1.4,0.4,0.1,1.1,1,10.6
SF,32,69,69,33,7.9,18.1,4.4,10.6,3.6,7.6,1.7,1.9,0.6,3.6,4.1,2.4,0.7,0.4,1.8,1.9,21.9
PF,20,69,8,14,1.4,3.4,0.6,1.8,0.8,1.7,0.5,0.7,0.5,1.7,2.2,0.5,0.3,0.3,0.6,1,3.8
C,24,61,29,19.3,3.1,5,0.1,0.2,3,4.8,0.8,1.5,2,3,5,1.6,1,0.5,0.7,1.6,7
PF,21,6,1,10.2,0.5,3.2,0.2,1.7,0.3,1.5,0.3,0.3,0.3,1.7,2,0.7,0.2,0,0.3,0.7,1.5
PF,24,67,5,15.7,2.8,6.3,1.3,3.7,1.5,2.6,0.6,0.7,0.4,2.4,2.8,1,0.3,0.2,0.6,1,7.4
SF,29,52,9,13.5,1.2,2.8,0.2,0.8,1.1,1.9,0.4,0.5,0.5,1.8,2.4,1.3,0.3,0.2,0.7,1.5,3
PF,27,29,29,33,7.3,14.8,2.1,5.7,5.2,9.1,4.1,4.7,1.7,6.5,8.1,4.8,0.7,0.6,3,3.8,20.8
SG,24,66,44,32.1,6.1,14.2,2.5,6.8,3.6,7.3,2.6,3.1,0.5,2.2,2.6,1.6,1.6,0.2,0.8,1.5,17.4
PF,37,75,75,25.6,1.3,3,0.7,1.9,0.5,1.1,0.3,0.3,1.3,2.7,3.9,0.8,0.5,0.2,0.6,2.4,3.5
C,26,62,62,29.4,6.5,11.8,1.5,4,5,7.8,3.5,4.5,1.4,6.1,7.5,1.4,0.6,2.3,1.7,3.5,18
SG,23,1,0,2,0,1,0,1,0,0,2,2,0,0,0,0,1,1,0,0,2
C,30,79,79,24.9,5.6,10.3,0.5,1.4,5.2,8.9,2.3,2.8,2.8,7.3,10.2,1.8,0.3,0.7,2,3.1,14.1
PF,23,78,65,24.1,3.2,5.8,0.4,1.2,2.8,4.6,1.2,1.8,2.2,5.3,7.5,2.4,1.1,0.3,1.2,2.4,7.9
PG,28,69,69,36.7,6.3,16.1,3,8.8,3.3,7.3,3.7,4.1,0.4,3.6,4.1,7.2,1.8,0.6,2,2.8,19.3
SG,22,38,32,31,6.9,15.7,2.7,7,4.2,8.7,2.1,2.6,0.2,3.7,3.9,3.6,1.1,0.4,1.5,1.5,18.5
PG,26,68,34,25.9,3.4,8.3,1.7,5.1,1.6,3.2,1,1.1,0.4,1.7,2.1,2.5,0.9,0.1,1.4,2.3,9.4
C,27,23,1,7.4,0.5,1,0,0.2,0.4,0.9,0.1,0.1,0.8,1.3,2.1,0.3,0.1,0.3,0.5,1.5,1.1
C,32,82,82,33.5,7.3,14,1.5,4.2,5.8,9.8,1.6,1.9,1.9,9.1,11,3.2,0.7,0.7,1.7,2.2,17.6
PF,26,44,13,20.3,1.7,4,1,2.9,0.6,1.1,0.3,0.5,0.5,3,3.4,0.8,0.6,0.5,0.4,2,4.7
SF,21,80,80,32.6,6.8,14,1.6,4.5,5.2,9.5,3.4,4,0.9,3.2,4.1,3.5,1,0.2,2.1,2.3,18.6
C,25,57,18,19.5,3.5,6.9,0.9,2.9,2.6,4.1,2.7,3.2,1.2,3.3,4.5,1.5,0.6,0.2,1.2,2.4,10.5
SF,28,60,2,15.3,1.4,3.8,1,2.9,0.5,0.9,0.4,0.5,0.8,1.6,2.3,0.9,0.6,0.4,0.4,2,4.2
SF,20,56,0,11.1,1.5,3.5,0.3,1,1.2,2.5,0.6,0.8,0.9,1.5,2.3,0.6,0.2,0.2,0.5,1.2,3.9
PG,32,9,1,16,2.7,6.3,0.8,3.1,1.9,3.2,1.9,2.3,0.3,1.4,1.8,2.1,0.2,0.2,0.4,1.2,8
SG,24,56,32,23.2,4.2,9.4,1.6,4.4,2.6,5,1.6,1.9,0.3,1.7,1.9,1.1,0.5,0.3,0.8,1.3,11.7
PG,32,34,3,22.2,4.1,9.9,1,3.2,3.1,6.7,2.3,3.3,0.4,2.3,2.7,5.2,0.8,0.4,2.4,1.7,11.4
SG,22,31,3,12.7,3,8.3,1.3,3.6,1.7,4.7,0.5,0.8,0.1,1.1,1.2,2,0.2,0.1,1.1,0.7,7.9
PF,24,73,73,32.6,5.9,13.4,2,5.9,3.9,7.5,1.7,2.4,1,3.9,4.9,2.4,0.9,1.1,1.5,2.6,15.7
PG,21,31,2,14,1.9,5.2,0.6,2.6,1.3,2.6,0.3,0.6,0.1,1.4,1.5,1.5,0.5,0.1,0.5,0.9,4.7
SF,28,58,1,16,2,4,1,2.3,0.9,1.7,0.6,0.8,0.5,1.9,2.4,0.8,0.4,0.3,0.4,1.4,5.6
SG,25,41,0,13,1.7,4.3,1.4,4,0.3,0.4,0.4,0.5,0.4,1.4,1.8,0.7,0.3,0.3,0.2,1,5.2
PF,22,62,12,19.1,2.9,5.2,0.4,1,2.5,4.2,1.2,1.6,0.7,3.2,3.8,2.1,0.5,0.2,1.1,1.9,7.4
SG,20,23,2,8.1,1.3,2.6,0.3,0.6,1,2,0.5,0.9,0.3,1.3,1.6,0.5,0.1,0.5,0.3,0.6,3.3
SG,19,37,1,18.1,1.9,5.8,0.5,1.4,1.3,4.4,0.7,1.2,0.3,1.9,2.2,2.7,0.7,0.1,1.8,1.8,5
PG,34,73,24,29.1,5.9,13.6,1.2,3.9,4.7,9.7,2.8,4.3,1.2,4.6,5.8,7.5,1,0.5,3.5,2.2,15.9
SG,22,74,2,23.4,3.6,8,1.7,4.6,1.8,3.4,0.8,0.9,0.2,2.6,2.9,2.8,0.7,0.1,1,1.6,9.7
SG,28,82,70,28.3,4.3,9.2,1.8,4.8,2.5,4.5,2,2.3,0.6,2.9,3.6,3.9,0.7,0.9,1.2,2.2,12.4
SF,25,17,0,3.9,0.5,1.1,0.2,0.5,0.3,0.6,0.1,0.2,0.4,0.6,1,0.2,0.2,0.1,0.1,0.5,1.2
SF,23,9,0,5.6,0.3,1.6,0.3,1.3,0,0.2,0,0,0,0.4,0.4,0.3,0,0,0.1,0.3,1
SG,24,70,14,18.5,2.7,5.2,0.7,1.7,2,3.4,0.8,1,1,2,3,1.1,0.6,0.2,0.8,1.6,6.8
SF,27,37,37,32.2,6.8,14.3,2.4,6.1,4.4,8.2,1.2,1.9,1.6,3.4,5,2.3,1.2,0.8,1.3,2.9,17.1
PG,24,7,1,12.4,2.6,5.3,0.9,2.6,1.7,2.7,1.1,1.3,0,1,1,2,0,0.3,1.7,1,7.1
SG,23,1,0,5,0,0,0,0,0,0,0,0,0,1,1,0,0,0,2,1,0
SG,21,2,0,2,1,2.5,0,1,1,1.5,0,0,0,1,1,0,0,0,0,0,2
PF,24,79,23,25.9,2.7,6,1.5,3.7,1.3,2.3,1.2,1.5,1.1,3.5,4.6,1.7,0.5,0.4,1,2.4,8.1
SG,21,75,62,30.3,5.5,10.6,1,2.7,4.5,7.9,2.1,2.5,1.1,3.4,4.5,3.3,1.4,0.5,1.6,2.5,14.1
C,20,49,36,18.7,2.1,4.8,0.9,2.3,1.1,2.5,0.8,1.1,0.9,4,4.9,1.6,0.6,0.2,0.8,2.3,5.9
SG,23,5,4,25.4,4.8,7.8,0.6,1.6,4.2,6.2,0.4,0.6,2,1,3,2,0.6,0.4,0.8,2.6,10.6
PF,28,53,10,22.8,3.4,6.5,0.9,2.5,2.4,4,0.3,0.7,1.8,3.1,4.9,2,0.8,0.3,0.6,2.1,8
C,21,43,17,19.3,3.7,5.8,0,0,3.7,5.8,1.6,2.3,2.2,4.9,7.1,0.4,0.7,1,0.9,2.2,9
PF,21,82,65,28.3,3.8,8.3,1.4,3.4,2.4,4.9,1.1,1.3,1,3,4,1.2,0.9,0.9,1.2,1.8,10.2
C,25,35,20,23.5,3.6,4.9,0,0,3.6,4.8,0.7,1.2,3,5.4,8.3,1.4,0.6,1.4,1,1.9,8
SG,22,15,1,7,0.8,2.7,0.3,1.9,0.5,0.8,0.1,0.1,0.3,0.7,1,0.3,0.4,0.1,0.3,0.8,2
SF,21,37,4,15.2,2.3,5.3,0.7,2.6,1.6,2.7,0.5,0.6,0.4,1.7,2.1,0.9,0.4,0.2,1,1.6,5.7
PF,22,29,29,33,9.8,16.2,0.2,0.7,9.6,15.5,6.1,8.6,2,5,7,4.6,1.1,0.6,3.4,2.2,26
SF,26,3,0,3.3,0.7,1,0.3,0.7,0.3,0.3,0,0,0,0,0,0.3,0.3,0,0.3,0,1.7
PF,26,29,11,26.8,2.8,6.8,0.5,1.6,2.3,5.3,0.7,1,1.7,3.3,5,3.4,1,0.4,1.5,3.1,6.8
C,21,45,22,19.3,4.2,7.5,0.1,0.4,4.1,7.1,1.5,2.2,1.6,4.3,5.9,0.7,0.2,0.6,1.1,2.4,10
C,27,67,17,25.9,5.9,11.5,1.6,4.2,4.3,7.3,3.2,4.2,1.3,6,7.3,1.8,0.4,1.1,1.8,2.5,16.6
PG,30,50,14,24.4,2.8,5.8,0.8,2.4,1.9,3.4,1,1.2,1.2,2.4,3.6,3.9,1.8,0.3,0.9,1.2,7.4
PG,24,27,1,12.4,1.7,3.6,0.3,1,1.4,2.6,0.5,0.7,0.3,1.4,1.7,2.1,0.3,0.2,0.7,0.9,4.2
SG,29,3,0,18.7,2.7,7,2,6,0.7,1,0.7,0.7,0,2,2,1.7,0.7,0,0,1.7,8
PF,34,54,9,14.7,2,3.7,0.1,0.6,1.9,3,0.3,0.5,1.3,1.8,3.1,1.4,1,0.1,0.8,1.6,4.4
PG,24,73,73,34.8,8.2,19,2.1,6.3,6.1,12.7,7.8,8.8,0.8,2.2,3,10.2,1.1,0.1,4.1,1.4,26.2
C,24,9,0,9.2,1.8,3,0.3,0.8,1.4,2.2,0.6,0.7,0.9,1.7,2.6,0.2,0.2,0.2,0.4,1.8,4.4
C,30,15,2,14.5,2.5,3.9,0,0.1,2.5,3.8,1.6,2.3,1.7,2.6,4.3,0.7,0.2,0.3,0.9,2.2,6.5
C,25,76,76,28.6,4.3,6.8,0,0,4.3,6.7,2.2,3.1,3.1,6.8,9.9,1,0.4,1.3,1.5,2.9,10.8
C,26,20,20,33.9,8.2,16,0.1,0.2,8.1,15.8,5.7,7.1,2.1,7.9,9.9,4.1,1.2,1,2.7,2.5,22
SG,23,30,10,21.6,2.7,5.9,1.3,3.4,1.5,2.5,0.3,0.4,0.9,1.7,2.6,1,0.7,0.5,0.7,1.6,7.1
PF,23,22,5,25.1,4.5,10.1,1.7,5,2.7,5.1,1,1.7,1.5,4.2,5.7,2,0.7,0.7,1.1,1.6,11.7
SG,25,28,11,23.1,2.5,6.1,1.4,4,1.1,2.1,0.4,0.6,0.4,1.5,1.9,2.4,0.9,0.6,1,1.9,6.8
SG,28,24,24,33.3,4.4,9,2.5,5.4,2,3.6,1.7,1.9,0.9,3.6,4.5,2.7,1,0.5,1.4,2.4,13
C,25,25,25,29.2,5.5,8.2,0,0,5.5,8.1,2.2,3.3,3,5.6,8.6,2.5,0.8,0.9,1.8,2.6,13.3
PG,25,16,0,16.4,2.3,5.5,1.2,3,1.1,2.5,0.8,1.3,0.5,2,2.5,2,1,0.4,0.9,1.6,6.6
PF,30,28,1,23.2,2.7,5.9,0.1,0.8,2.6,5.1,1.4,2,0.8,2.8,3.6,4,0.8,0.8,1.5,1.5,6.9
PF,29,29,29,34.9,11.4,19,0.4,1.7,11.1,17.3,7.5,11.2,2.7,8.2,11,5.5,1.4,1.2,3.8,2.9,30.8
PF,31,12,0,4.6,0.3,0.8,0,0,0.3,0.8,0,0,0.3,0.3,0.5,0.4,0.2,0.1,0.4,0.6,0.7
PG,23,28,0,25.4,5,11.1,1.4,3.9,3.6,7.3,3.5,4.2,1.1,3.4,4.5,3.7,0.8,0.5,1.8,2.9,15
PG,29,10,0,2.1,0,0.3,0,0.3,0,0,0,0,0,0.5,0.5,0.3,0.1,0,0,0.1,0
SF,23,28,28,26.9,4.4,8.8,0.9,2.5,3.5,6.2,1.9,2.3,1.1,4.5,5.6,4,0.8,0.3,1.5,2.2,11.4
C,25,24,24,31.7,6,10.9,0,0,6,10.9,1.2,1.5,3.4,7.3,10.8,1.6,1.2,0.7,2.1,2.5,13.1
C,24,4,0,8.8,2,2,0,0,2,2,0.3,0.5,1.3,2.5,3.8,0.5,0,0.3,0.3,1.3,4.3
PG,19,2,0,5.5,1,3,0,1,1,2,0.5,1,1,0,1,0,0,0,0.5,0,2.5
SF,21,8,0,5.8,0.6,1.8,0.4,0.6,0.3,1.1,0.5,0.5,0.3,1.1,1.4,0.4,0,0.1,0.1,0.5,2.1
PG,22,15,15,33.4,8.8,19.9,3.5,8.9,5.3,10.9,3.6,4.2,1.5,3.9,5.5,8.2,1.4,0.3,3.9,3.5,24.7
C,25,16,0,7.3,1.7,2.8,0.5,0.8,1.2,2,0.6,0.8,1.1,1.4,2.6,0.4,0.2,0.6,0.5,0.9,4.4
PF,21,28,28,33.8,7.6,16.2,1.3,3.4,6.3,12.8,4.7,6.8,1.3,5.6,6.9,4.5,1,0.5,3.2,2.1,21.2
SG,25,27,27,34.5,9.2,19.8,3.5,9.1,5.7,10.7,3.2,3.7,1,3.5,4.5,5.2,1.2,0.7,3,2.9,25.1
PG,24,13,1,7.5,1.2,2.3,0.1,0.6,1.1,1.7,0.4,0.5,0.8,1.2,1.9,0.5,0.2,0.2,0.4,0.9,2.8
PF,20,8,0,5.6,0.4,1.1,0,0.3,0.4,0.9,0.5,0.8,0,1,1,0,0.1,0,0,0.5,1.3
PF,31,28,28,30.8,4,8.2,1.8,4.5,2.2,3.8,2,2.5,0.9,2.3,3.1,1.4,0.7,0.2,0.7,1.2,11.8
SG,22,29,29,35,7.8,15.9,2,5.3,5.7,10.6,3.2,4.1,2.6,6.7,9.3,5.9,1.4,1.4,2.6,2,20.7
C,23,19,0,10.8,1.5,2.1,0,0.1,1.5,2.1,0.3,0.3,1.2,2.8,4,1.1,0.4,0.9,0.8,1.6,3.3
SF,20,9,0,7.8,0.7,2.4,0.6,1.9,0.1,0.6,0.1,0.2,0.1,0.9,1,0.3,0.1,0.2,0.1,0.3,2
SF,28,22,8,17.6,1.9,4.7,0.5,1.8,1.4,2.9,1,1.5,0.9,2.2,3.1,0.9,0.5,0.7,0.3,0.9,5.2
PF,35,20,14,23.9,2,3.7,1.3,2.8,0.7,0.9,0.4,0.6,0.9,2.8,3.7,2.2,0.6,0.7,0.5,1.8,5.7
SG,30,6,6,25.2,5.2,11.5,1.5,3.5,3.7,8,2.8,4,0.5,2.8,3.3,3.2,0.7,0.3,2.3,2.2,14.7
SG,27,28,28,29.8,4.2,8.8,2.8,6.2,1.4,2.5,0.3,0.4,0.7,3.7,4.4,1.5,0.9,0.1,0.6,2,11.5
SF,23,26,1,15.1,1.8,3.6,0.7,1.6,1.1,2,0.4,0.7,0.5,1.8,2.4,0.7,0.3,0.2,0.7,1.5,4.7
SG,24,2,0,5,0.5,2.5,0,1.5,0.5,1,0,0,0.5,0,0.5,0.5,0,0,0.5,0.5,1
PF,31,10,0,8.1,0.8,2.1,0.8,2,0,0.1,1.4,1.5,0.1,0.8,0.9,0.8,0.2,0.2,0.1,1,3.8
PG,35,28,1,17.1,1.7,4,0.6,2.1,1,1.9,0.8,1.1,0.7,2.1,2.8,2.2,0.5,0.3,0.7,1.7,4.8
SF,24,29,17,32.2,4.7,10.3,1.8,5.3,2.9,5,1.7,2.2,2.2,4.2,6.4,1.3,1.1,0.1,1.2,1.6,12.9
C,24,25,20,20.7,2.8,4.8,0,0.2,2.8,4.6,1.4,2,2.2,3.8,6.1,1.8,0.7,1.6,0.9,2.3,7.1
SG,24,1,0,3,0,0,0,0,0,0,0,0,0,0,0,0,0,0,0,0,0
C,31,22,20,24.5,2.5,4.4,0,0,2.5,4.4,1,2,2.3,4.3,6.6,1.9,0.4,1.1,1.2,2.8,6
PG,20,26,22,19.9,1.9,3.8,0.4,1.3,1.5,2.5,0.8,1.3,0.6,1.9,2.5,1.7,0.4,0.4,0.9,2.1,5.1
SF,24,7,0,5.7,0.7,1.1,0.1,0.3,0.6,0.9,0,0,0.3,0.7,1,0.6,0.3,0.4,0.1,0.3,1.6
SG,31,27,2,28.6,6.4,14,3.5,8.7,2.9,5.3,1.5,1.7,0.4,2.9,3.4,2.7,1.4,0.3,1.1,2.6,17.8
PF,34,10,9,32.5,6.6,14.2,2.9,7.3,3.7,6.9,3.5,4.6,0.6,2.1,2.7,2.5,1.1,0.1,2,2,19.6
PF,24,7,0,2.6,0.4,0.7,0,0.1,0.4,0.6,0,0,0.1,0.4,0.6,0,0,0.1,0.3,0.1,0.9
C,25,2,0,1.5,0,0,0,0,0,0,0,0,0,1,1,0,0,0,0,0.5,0
SG,27,20,20,36,9.2,19.5,1.9,5.1,7.4,14.4,7.1,8.1,0.9,4.5,5.4,8.3,0.7,0.5,2.9,3.4,27.4
SF,22,4,0,10.3,2.5,5.8,0.8,3,1.8,2.8,1.5,1.5,0.5,1,1.5,0.8,0.3,0,0.3,1.3,7.3
PF,31,26,0,14.1,2.2,4.7,0.7,1.8,1.5,2.9,1.5,1.9,1.2,2.5,3.7,0.3,0.3,0.6,0.5,1.6,6.5
SG,23,3,0,6,2,3.7,1.7,3.3,0.3,0.3,0,0,0.3,1,1.3,0,0,0,0.3,0.3,5.7
PG,24,6,0,9.5,0.8,3.5,0,1.3,0.8,2.2,0,0,0.3,1.3,1.7,1.3,0,0,1.3,0.5,1.7
SG,20,28,16,22.5,3.8,8.5,1,3.3,2.8,5.2,0.5,0.6,0.2,1.7,1.9,2.5,0.4,0.1,1.3,1.4,9.2
SG,22,32,0,19.8,3.2,6.7,0.8,1.8,2.4,4.9,1.3,1.8,0.8,2.9,3.7,1.7,0.4,0.3,0.8,1.7,8.4
SF,27,29,29,34.5,7.7,16.8,2.1,5.7,5.6,11.1,4.1,4.8,1.1,4.3,5.4,3.9,0.9,0.4,2.4,1.7,21.7
SF,25,16,14,36.3,7.4,16.2,1.8,5.8,5.6,10.4,3.1,3.6,1,6,7,2.4,1.4,0.4,1.6,2.2,19.8
SF,25,14,0,10.6,1.1,2.1,0.4,1.1,0.6,1.1,0.7,1.1,0.9,1.4,2.3,0.5,0.4,0,0.3,0.9,3.3
PG,31,21,12,27.8,5.6,13,2,5.2,3.6,7.8,2,2.7,0.8,2.8,3.6,5.7,0.9,0.2,1.5,1.4,15.2
PG,25,7,0,9.1,1.3,3.9,1,2.7,0.3,1.1,0,0,0.6,1.1,1.7,0.4,0,0.1,0.1,0.1,3.6
SF,28,27,27,31.3,5.1,10.6,2,4.8,3.1,5.9,1.6,2,0.7,2.9,3.6,1.7,0.9,0,1.8,3.9,13.7
SG,26,2,0,2,0,1,0,1,0,0,0,0,0,0,0,0,0,0,1,0,0
PF,22,5,0,5.6,0.4,1.2,0,0.2,0.4,1,0.8,1.8,0.4,1,1.4,0.6,0,0.2,0.6,0.6,1.6
SF,27,28,28,33.8,8.8,18.5,2.1,6.4,6.7,12.1,2.9,3.9,0.9,4,4.9,3.6,1.1,0.6,2.4,2.8,22.6
PF,24,19,0,10.5,0.9,2.4,0.5,1.6,0.4,0.8,0.1,0.1,0.3,1.3,1.6,0.6,0.2,0.2,0.2,1.8,2.5
C,24,5,0,7,1.2,2.4,0,0,1.2,2.4,0,0.4,1.6,2,3.6,0.2,0.2,0.2,0.2,0.4,2.4
SF,24,24,3,14.3,1.8,3.9,1,2.7,0.8,1.2,0.8,0.9,0.5,2,2.5,1,0.3,0.1,0.6,0.9,5.4
PG,27,29,29,35.6,9.3,19.4,2.9,6.4,6.4,13,4.5,5.6,0.7,3.2,4,5.9,1.1,0.1,2.2,2,26.1
C,26,18,3,12.4,2.2,4,0,0.2,2.2,3.8,0.9,1.1,1.2,2.6,3.8,0.6,0.3,0.3,0.8,1.3,5.4
SG,20,2,0,2,0,1.5,0,0.5,0,1,0.5,1,0.5,0.5,1,0,0,0,0,0,0.5
SF,32,11,0,8.5,0.6,1.8,0.5,1.5,0.1,0.3,0.1,0.1,0.2,1,1.2,0.3,0.1,0.1,0.2,0.6,1.9
SG,32,22,0,17.5,2.5,7.7,1.5,4.6,1,3.1,2.4,2.7,0.5,1.6,2.1,1.4,0.4,0.2,0.4,1.4,8.9
SG,23,14,0,7.9,1.6,3.1,0.5,1.5,1.1,1.6,0.9,1.1,0,0.7,0.7,1.9,0.6,0.1,0.7,1,4.5
PF,34,23,23,34,6.7,14.5,0.9,2.3,5.8,12.2,7.3,8.3,2,3.2,5.2,4.6,1.1,0.4,1.8,1.1,21.5
PF,24,9,0,14.4,1.4,3.4,0.4,1.7,1,1.8,1.1,1.7,0.7,1.2,1.9,0.1,0.7,0.3,0.2,1.1,4.4
SG,30,30,30,32.6,3.6,7.8,1.5,3.6,2.1,4.3,1.5,1.7,0.4,1.7,2.2,2.6,1.5,0.6,1,1.9,10.2
PF,23,28,19,25,2.6,6.3,0.9,2.9,1.8,3.4,1,1.4,1.9,2.7,4.6,1,1,0.5,1,2.8,7.1
C,29,28,28,26,5,8.5,0,0,5,8.5,1.9,2.6,4.9,5.8,10.7,1.1,0.6,1.7,0.9,2.7,12
PG,28,31,0,14.3,2,5.5,1.2,3.5,0.8,1.9,0.1,0.1,0.1,0.5,0.7,1.2,0.5,0.3,0.6,1.2,5.3
C,24,8,8,26,3,7.6,0.8,2.8,2.3,4.9,1.1,2,2,5.6,7.6,1.9,0.4,0.4,1.1,2.5,7.9
SG,29,25,13,23.5,3.5,6.4,1.6,3.4,1.9,3,1,1.4,1.1,2.3,3.4,2.3,1.2,0.8,1.4,2.4,9.6
C,23,4,0,7,1.3,2,0,0,1.3,2,0.5,0.5,0.8,1,1.8,0.8,0,0,0,1.3,3
SG,22,1,0,3,0,0,0,0,0,0,0,0,0,0,0,0,0,0,0,0,0
SF,22,21,6,13.1,1.8,4.4,1.3,3.3,0.5,1.1,0.5,0.6,0.3,1.3,1.6,0.8,0.4,0.6,0.7,0.8,5.4
SG,20,22,6,16.5,1.6,4.2,0.6,2,1,2.3,0.5,0.6,0.1,2.3,2.5,1,0.4,0.2,0.7,1.4,4.3
SF,19,3,0,7,0,1,0,0.7,0,0.3,0.7,0.7,0,1,1,0,0.7,0,0.3,0.7,0.7
SG,31,20,19,30.8,6.3,15.5,1.8,5.7,4.6,9.8,3,3.5,1.3,2.1,3.4,5,0.9,0.2,3,1.4,17.3
C,24,20,20,27.3,5.1,8,0.1,0.1,5,8,1.5,2.4,3,6.4,9.4,1.7,0.5,2.5,1,2.6,11.7
PF,19,1,0,3,0,0,0,0,0,0,0,0,0,1,1,0,0,0,0,0,0
SF,26,17,4,13,1.2,2.8,0.5,1.6,0.7,1.2,0.6,0.6,0.4,1.2,1.6,0.6,0.1,0,0.5,1.1,3.4
PF,26,26,24,30.2,5.3,11,1.5,3.6,3.8,7.4,2.1,2.7,2.4,5.7,8.1,0.8,0.7,0.9,1.5,2.7,14.2
C,26,28,22,27,4.9,10.1,1.2,3.8,3.7,6.4,2,2.5,2,4.1,6.1,3.4,0.6,0.8,2.4,3.3,13.1
PG,36,28,28,29.5,3.9,8.3,2.3,5.2,1.5,3.1,1.4,1.5,0.4,2.5,2.9,6.3,1,0.1,1.2,1.6,11.5
SF,31,24,0,22.1,2.1,5,1.1,3.4,1,1.6,0.5,0.6,0.8,3.1,4,2,0.5,0.2,0.6,1.2,5.7
SF,19,27,1,26.8,3.4,6.5,1.2,2.9,2.1,3.6,1.1,1.7,0.7,3.3,4,1.7,1,0.7,1.5,1.9,9.1
SF,33,27,7,21.2,2.2,5.1,1.1,2.8,1.1,2.3,0.7,0.9,1.9,3,4.8,1,0.6,0.4,0.6,2.5,6.1
PF,33,9,2,26.7,2.8,5.2,1.8,3.4,1,1.8,0.8,1.3,0.4,3.4,3.9,1.7,0.8,0.3,0.4,1.6,8.1
PG,22,29,29,34.8,8.3,19.2,1.8,5.7,6.5,13.5,3.9,4.4,0.5,3.4,3.9,7.1,1,0.3,4,2.7,22.4
SG,33,23,3,12,1.4,3.9,0.8,2.1,0.6,1.8,0.4,0.4,0.5,1,1.5,0.8,0.6,0.1,0.3,0.9,4.1
PG,35,28,28,33.5,8.8,18.9,4.8,11.6,4,7.3,5.5,5.9,0.5,4,4.5,4.4,0.7,0.4,3.2,1.8,27.9
PG,20,30,13,23.3,2.4,5.9,0.7,2.6,1.7,3.3,0.7,1,1,3.1,4.2,2.8,1.3,0.3,1,1.7,6.1
C,30,29,29,35.8,9.4,17.2,0.4,0.9,9,16.3,5.7,7.1,3.4,9,12.4,3.2,1.1,2.5,2,2.5,24.9
SG,21,14,0,9.1,1.4,2.9,0.1,0.2,1.3,2.6,0.3,0.4,0.6,0.8,1.4,0.4,0.5,0.1,0.4,0.7,3.1
SG,21,1,0,3,0,1,0,1,0,0,0,0,0,1,1,0,0,0,0,0,0
SG,24,4,0,7.5,2.5,4.8,0.3,2,2.3,2.8,0.3,0.8,0.3,2,2.3,1,0,0.3,0.8,0.3,5.5
SF,34,29,29,36.5,7.7,17,0.9,2.6,6.8,14.3,5.9,7.1,0.7,3,3.8,5.4,1.1,0.8,1.4,2.2,22.3
C,22,9,0,6.1,1,2,0,0,1,2,1,1.3,1.6,0.6,2.1,0.4,0.4,0,0.2,0.4,3
SG,20,18,1,12.8,1.1,3.7,0.6,2.4,0.4,1.3,0.8,0.8,0.4,0.8,1.2,0.8,0.3,0,0.7,1.3,3.5
PF,20,18,0,11.2,1.5,3.3,0.8,2.2,0.7,1.1,0.6,0.7,0.4,1.2,1.6,0.9,0.1,0,0.3,0.7,4.3
PG,30,28,28,31.8,4.8,11.7,2.1,6.4,2.6,5.3,2.8,3.6,0.6,3.4,4,6.6,0.9,0.2,1.7,1.6,14.4
SG,27,29,11,20.7,3.3,7.3,2.3,5.3,0.9,2,0.7,1,0.7,2.2,2.9,1.9,1,0.3,1,1.8,9.6
PG,24,28,28,37.1,11.4,23.4,4,10.4,7.4,12.9,6.6,8.5,0.9,7.6,8.5,9.4,1.4,0.6,4,1.8,33.5
SF,24,26,26,28.2,3.6,8,1.8,4.3,1.8,3.6,2,2.4,1.3,2.7,4,1.3,0.8,0.8,0.9,2.9,11
SG,24,29,5,21,2.8,5.8,1,2.7,1.8,3,0.7,0.9,0.6,1.6,2.1,1.8,0.8,0.2,0.9,1.8,7.2
C,30,31,0,13.5,2.4,4.7,0,0,2.4,4.7,1.4,2.3,2.8,4,6.8,0.5,1.1,0.4,1,1.6,6.2
SF,26,25,5,12.2,1.2,3.4,0.6,2,0.6,1.4,0.6,0.7,0.2,1.5,1.7,0.7,0.6,0.1,0.5,2,3.6
PG,29,22,4,15.8,2.2,4.8,0.5,1.5,1.7,3.3,0.4,0.6,0.5,2.1,2.7,3.5,0.6,0.2,1.3,1.6,5.4
PF,35,25,25,36.8,10.4,20.2,2.1,4.5,8.3,15.6,7.3,8.3,0.4,5.8,6.2,5.5,0.8,1.1,3.6,1.8,30.3
C,20,14,13,28.9,5.7,9.1,0,0.1,5.7,8.9,1.1,2,3.4,7.6,10.9,2.5,0.6,1.4,2.7,3.4,12.6
PF,22,18,0,21,3.7,7.9,0.8,2.1,2.8,5.8,1.1,1.6,2,5.1,7.1,1.2,1,0.9,0.9,2.2,9.2
SG,22,25,25,34.4,8.9,19.6,2.4,6.6,6.4,13,5,5.8,0.6,4.9,5.5,5.3,1.4,0.5,3.2,1.8,25.2
SF,23,23,0,5.1,0.6,1.4,0.3,0.9,0.3,0.5,0,0.1,0.1,0.7,0.8,0.3,0.1,0.1,0,0.4,1.5
SG,24,21,3,13.9,1.4,3.4,1,2.9,0.4,0.5,0.5,0.8,0.3,1.2,1.5,1.5,0.6,0.5,0.6,1.5,4.3
C,29,25,25,34.2,11.8,21.8,1.1,3.2,10.6,18.6,10.3,11.6,2.8,8.9,11.7,6,1.2,2,3.8,2.8,35
C,26,28,2,17,2.5,4.2,0.1,0.1,2.4,4.1,1.1,1.3,1.4,3,4.4,1.1,0.4,1,1.2,1.9,6.2
PG,28,26,10,18.6,3.5,6.1,0.9,2,2.7,4.1,1,1.4,0.7,2.4,3.1,2.5,0.5,0.2,0.8,1.5,9
C,25,7,0,4.7,1.1,2.3,0,0.1,1.1,2.1,0.6,0.9,0.7,1,1.7,0.1,0,0.1,0.6,0.7,2.9
PF,30,27,17,29.3,3.9,8.2,2.4,5.4,1.4,2.8,0.2,0.3,1.9,3.1,5,1.2,0.7,0.6,0.9,2.2,10.4
SF,28,28,14,21,3,6.8,1.9,4.6,1.2,2.2,0.8,0.9,0.8,2,2.8,1.1,0.5,0.4,1,1.6,8.7
PG,25,6,0,3.7,0.7,1.2,0.3,0.5,0.3,0.7,0.3,0.3,0,0.3,0.3,0.3,0,0,0.2,0,2
SG,25,7,0,8.7,0.4,2.1,0,0.1,0.4,2,0.6,0.6,0.6,0.6,1.1,1.7,0.3,0,0.4,0.7,1.4
SG,31,1,0,16,1,6,0,4,1,2,0,0,0,1,1,1,1,0,0,2,2
PG,26,22,22,35,10.4,21.6,3.2,8.3,7.1,13.3,5.6,7.6,0.9,3.5,4.4,6.2,1.6,0.4,2.5,2.7,29.6
SF,20,4,0,3.5,0.3,1.5,0,0.5,0.3,1,0.5,0.5,0.5,0,0.5,0,0,0,0.3,0.3,1
PG,25,5,5,28.6,5.4,11.2,0,0.6,5.4,10.6,0.6,0.8,1.6,1.8,3.4,4,1.2,0.4,1.2,1.2,11.4
C,25,25,25,25.5,4.5,6.5,0,0,4.5,6.5,2,2.8,2.8,4.8,7.5,1.7,0.7,2.2,1.1,3.5,11
PG,24,20,20,34,7.6,16.1,1.8,5.2,5.8,10.9,3.8,4.6,0.6,2.2,2.8,5.9,1.6,0.2,3.8,1.6,20.7
PF,21,2,0,3,0,0.5,0,0,0,0.5,0,0,0,0,0,0.5,0.5,0,0,0.5,0
C,25,6,0,3,0.7,2,0,0.5,0.7,1.5,0.8,1.3,0.5,0.7,1.2,0.3,0,0,0.2,1,2.2
SF,27,1,0,7,0,4,0,2,0,2,0,0,0,1,1,0,0,0,0,0,0
PG,20,24,16,25.8,3.5,9.6,1.6,5.1,1.8,4.5,2.4,3,0.5,2.5,3,5,0.5,0.1,2.3,1.1,10.9
PF,33,27,27,34.4,8,17.5,3.3,8.1,4.7,9.4,3.6,3.9,0.6,4.9,5.6,4.1,1.7,0.4,2.1,2.8,22.8
PF,38,6,0,9.5,0.5,1.3,0,0.7,0.5,0.7,0,0,0.5,1.2,1.7,0.7,0.2,0.8,0.2,1.5,1
SG,21,26,26,25.2,5,11.4,0.9,2.6,4.1,8.8,1,1.2,1.6,4.4,6,4.3,0.8,0.4,2.5,1.3,11.8
C,25,8,0,5.5,1.8,3,0.1,0.6,1.6,2.4,0.6,0.9,0.6,0.6,1.3,0.1,0.1,0.3,0.3,0.6,4.3
PG,25,26,26,34.7,11.1,20.8,1,3.4,10.1,17.4,7.6,8.3,0.9,4.8,5.7,6.3,2.8,0.8,2,2.4,30.8
PF,31,19,0,6.6,1,2,0,0.4,1,1.6,0.6,0.7,0.6,0.9,1.5,0.5,0.2,0.3,0.5,0.6,2.6
PG,24,11,0,7.8,0.7,1.8,0.3,1.1,0.5,0.7,0.1,0.1,0.1,0.3,0.4,0.7,0.5,0,0.4,0.9,1.8
PG,25,19,8,15.7,1.3,3.1,1.1,2.6,0.2,0.5,0.1,0.1,0.3,0.7,1.1,3.1,0.6,0.1,0.7,1,3.7
C,31,28,28,32.3,4.9,8,0,0,4.9,8,2.9,4.8,3.8,8.5,12.3,1.3,0.8,2.3,1.5,2.9,12.8
PG,25,29,0,17.9,2.2,6,0.8,2.7,1.4,3.3,0.8,0.9,1.3,2.7,3.9,2.5,0.7,0.3,0.9,1.4,6
PF,28,28,28,32,5.5,10.5,0.5,1.9,5.1,8.7,2,3.4,2.8,4,6.9,3.4,1,0.6,1.5,1.6,13.6
SG,35,25,18,31.7,5,11,2.5,6.4,2.6,4.6,0.7,0.8,0.3,1.8,2.1,2.8,1,0.5,1.4,1.5,13.2
PG,28,6,0,10,0.7,2.5,0.3,1.7,0.3,0.8,0.8,1.2,0.2,1.2,1.3,2.7,0.3,0.2,0.3,0.5,2.5
PF,29,24,24,35.1,7.5,16.6,2.5,6.1,5,10.5,4.7,5.8,0.7,3,3.8,2.5,0.8,0.8,2.3,2.4,22.3
SG,24,20,0,7.4,1.1,2.4,0.9,2.1,0.2,0.3,0.1,0.1,0.2,0.6,0.8,0.7,0,0,0,0.8,3.1
SG,36,2,0,9,0,1,0,0.5,0,0.5,0,0,0,1,1,0.5,0.5,0,0,0.5,0
PF,33,15,15,25.1,3.4,6.9,1.2,2.8,2.2,4.1,1.7,2,1.5,4.1,5.5,5.8,0.4,0.7,2.4,3,9.7
SG,21,27,27,30.5,5.6,14.2,1.9,5.9,3.7,8.3,3.9,4.8,0.4,4.1,4.5,3.1,0.6,0.4,2.4,1.5,17.1
PF,37,26,0,15.6,2.1,3.8,0.3,1.1,1.8,2.7,2.2,2.6,0.8,1.4,2.2,0.7,0.2,0.5,0.7,1.4,6.8
SG,23,18,5,25.2,2.6,6.1,1.3,3.5,1.3,2.6,0.5,0.9,0.6,2.3,2.9,2.4,0.9,0.2,0.9,1.7,6.9
SF,20,12,0,9.2,0.8,2.8,0.7,2.1,0.2,0.8,0.2,0.2,0.2,0.8,1,0.3,0.1,0,0.3,0.5,2.5
SG,23,27,18,21.1,2.3,5.9,1.6,4.5,0.6,1.4,0.1,0.2,0.2,1.1,1.3,1.1,0.7,0,0.4,1.6,6.2
PF,21,2,0,2,0,0.5,0,0.5,0,0,0,0,0,0,0,0,0.5,0,0,0.5,0
PF,25,22,3,24.3,4.6,9.5,1.3,3.4,3.4,6.2,1.5,2,0.8,3,3.8,1.1,0.7,0.2,0.9,1.5,12
PG,23,25,25,33.9,8.7,17.4,3.4,8.3,5.2,9,3.7,4.3,0.6,3.3,3.9,12.2,0.9,0.6,2.8,1.2,24.5
PG,22,3,0,9.7,0.3,2,0.3,1.3,0,0.7,0,0,0,0.7,0.7,1.3,0,0,0.3,0.3,1
SF,31,27,3,29,6,14.9,3.4,9.3,2.7,5.5,2.1,2.4,0.4,3.3,3.7,1.6,0.4,0,0.9,1.2,17.6
SG,34,24,24,33.5,5.1,11,2.6,6.1,2.5,4.8,4.4,5,0.4,4.4,4.8,7.7,1.5,0.8,2.4,2.2,17.3
SG,21,26,1,13.9,2.4,6.8,1.2,3.4,1.3,3.4,0.8,1.3,0.3,1.6,1.9,1.5,0.4,0,0.7,1.2,6.8
PF,23,1,0,4,0,0,0,0,0,0,0,0,0,0,0,1,0,0,0,2,0
SG,29,23,5,22.8,2.5,5.8,1.3,4,1.2,1.8,1,1.3,0.6,1.2,1.8,1.9,0.9,0.2,0.5,1.7,7.4
SG,32,12,0,11.5,0.8,2.6,0.6,2,0.3,0.6,0.1,0.2,0.3,0.7,0.9,0.8,0.3,0.2,0.3,1.3,2.3
PF,31,29,29,34.1,6.3,12.3,1.2,3.3,5.1,9,3,3.3,0.9,5.2,6.1,2.9,0.9,0.4,1.7,1.8,17
SG,30,3,0,2,0.3,0.7,0,0,0.3,0.7,0,0,0,0.7,0.7,0,0,0.3,0,0,0.7
SF,28,29,5,27.8,3,6.6,1,2.9,2.1,3.7,0.6,0.8,1,4.8,5.8,2.8,1,0.2,1.1,1.9,7.7
C,25,29,3,21.4,2.5,4.1,0,0.1,2.4,4,1.3,2,3.2,3.6,6.8,1.4,0.8,0.9,0.9,2.8,6.3
SF,26,29,3,22.6,3,6.6,2.4,5.7,0.6,0.9,0.3,0.3,0.9,2.6,3.4,1,0.5,0.3,0.5,1.5,8.6
SG,21,27,9,23.9,3.5,9.2,2.2,6,1.3,3.2,1.5,1.7,0.6,2.5,3.1,1.5,0.4,0,0.8,1.7,10.7
C,23,28,1,10.6,1.2,1.8,0,0.1,1.2,1.6,0.5,1,0.5,1.4,1.9,0.4,0.2,0.4,0.6,1.9,2.9
PG,22,25,21,26.4,3.6,8.6,0.7,2.4,2.9,6.2,1.1,1.6,0.4,2.7,3.1,4.4,1,0.6,1.1,1.9,9.1
SF,33,24,24,32.3,5.7,12,0.9,2.5,4.8,9.6,2.5,3.3,1,3.8,4.8,4.6,1.1,0.5,2.1,1.8,14.8
PG,19,19,5,26.1,4,10.9,0.9,3.8,3.1,7.1,1.8,2.4,0.7,2,2.7,4.1,0.6,0.2,3.1,3.8,10.8
PF,20,10,0,17.2,2.1,5.2,1,3,1.1,2.2,0.6,0.8,1.1,1.6,2.7,0.5,0.8,0.6,0.7,1.1,5.8
SG,24,12,12,34.4,8.9,19.4,3.4,8,5.5,11.4,2.8,3.2,0.6,4.8,5.3,4.4,1.3,0.1,2.8,1.4,24
SF,31,28,16,26.4,4.9,11,2.9,7.6,2,3.4,0.6,0.8,0.8,2.5,3.3,2.6,0.9,0.7,1.6,2,13.4
PF,27,19,14,21.1,2.3,5.4,1.1,3.3,1.2,2.1,0.6,0.8,0.9,1.9,2.8,1.5,1.1,0.6,0.9,2.2,6.3
SG,24,5,0,5.2,0.8,1.8,0.8,1,0,0.8,0,0,0.4,0.6,1,0.2,0,0,0.2,1,2.4
SG,25,7,0,5.9,0.7,2.1,0.4,1.7,0.3,0.4,0.1,0.3,0,0,0,0.7,0.1,0.1,0.1,0.6,2
PG,27,25,1,18,2.5,5.6,1.3,3,1.2,2.6,0.6,0.7,0.3,1.6,1.9,1.6,0.5,0.1,0.6,1.8,6.9
PG,33,27,27,34.4,5,10.8,1.9,4.6,3.1,6.2,1.1,1.3,1.7,5,6.7,4.9,0.9,0.9,2,1.8,13.1
SG,34,17,6,15.3,1.7,3.2,1.1,2.2,0.6,1,0,0,0.2,1.2,1.5,1.2,0.6,0.1,0.3,1.3,4.5
C,30,15,1,10.8,1.5,3,0,0,1.5,3,0.6,1.2,1.7,2.3,3.9,0.5,0.1,0.4,0.7,1.5,3.5
C,21,27,27,29.9,6.3,11.9,1.5,4.1,4.7,7.8,3.2,3.7,1.7,6.3,8,2.4,0.8,2.7,1.8,2.7,17.2
SG,20,5,0,10.4,0.8,3.6,0.2,1.6,0.6,2,1,2,0.2,1,1.2,0.8,0,0.2,0.8,1.4,2.8
C,37,25,10,26.5,2.8,6.1,1.4,3.9,1.4,2.2,0.4,0.4,1.6,5.6,7.1,2.8,0.4,1,0.9,1.7,7.5
PG,23,28,11,22.9,4.3,10.2,1.3,3.9,2.9,6.3,1.5,1.9,0.4,2.3,2.7,4.5,1.1,0.4,1.8,2.2,11.4
SF,30,18,0,12,1.2,2.9,0.6,1.6,0.6,1.3,0.7,1,0.4,0.8,1.2,0.8,0.3,0.1,0.7,0.8,3.8
SF,21,19,0,11.2,1.2,2.9,1,2.7,0.2,0.2,0.4,0.4,0.4,1.2,1.5,0.4,0.2,0.1,0.2,0.9,3.7
SF,20,8,0,4.3,0.5,1.9,0.3,1.4,0.3,0.5,0.1,0.3,0.1,0.4,0.5,0.4,0,0,0.3,0.1,1.4
SG,25,27,27,25.1,4,9.4,2,5.7,2,3.7,0.7,0.9,0.6,3.3,3.9,2.7,0.7,0.3,0.7,2.3,10.8
C,25,2,0,1,0.5,0.5,0,0,0.5,0.5,0,0,0,0,0,0,0,0,0,0,1
SF,26,24,24,30.3,5.1,11,1.9,4.8,3.2,6.3,2.8,3.1,0.6,3.5,4.1,1.4,0.8,0.4,1.5,3,14.9
PG,23,15,2,15.1,2.8,6.9,1.3,3.7,1.5,3.3,0.7,0.8,0.1,0.9,1,1.8,0.5,0,1.3,1.5,7.6
SF,36,24,0,18.2,1.6,3.9,1,2.5,0.6,1.5,0.7,0.8,0.5,2.3,2.8,3.4,0.8,0.1,0.8,1.5,4.9
SF,26,27,27,33.5,8.7,17.4,1.3,4,7.4,13.4,4.4,5.4,0.6,4.2,4.8,5.3,0.7,0.3,2.7,2.1,23.1
SG,31,17,17,31.8,8.6,18.2,2.5,6.6,6.1,11.6,3.3,3.6,0.6,3.4,3.9,5.2,1.2,0.3,1.4,1.8,23
PF,26,21,0,13.6,2.3,5,0.6,2.2,1.7,2.8,1.2,1.5,1.1,3,4.1,0.3,0.9,1.2,0.6,1.3,6.4
SG,21,25,9,25,4.4,9.5,1,3.3,3.4,6.2,2.8,3.5,0.8,2.4,3.2,3,0.8,0.6,2.1,2.7,12.6
SG,22,24,5,10.5,1,1.9,0.5,1,0.6,0.8,0.1,0.2,0.9,0.9,1.8,1,0.3,0,0.5,1.8,2.7
PF,19,4,0,4.8,0.8,2.5,0.5,1.3,0.3,1.3,0,0,0.3,0.5,0.8,0,0.3,0.3,0.3,0.5,2
C,22,20,1,14.2,3,4.5,0,0.1,3,4.4,1.3,1.8,1.6,2.8,4.4,1,0.6,1.4,0.5,2.9,7.2
C,24,28,28,31.3,7.3,15.8,1.6,5,5.7,10.8,5.2,6.3,1.5,4.1,5.6,1.6,0.7,1.7,2.1,3.6,21.4
PG,33,32,14,24.5,5,10.6,1.5,4,3.5,6.5,1,1.4,0.3,1.8,2.2,4.4,0.6,0.2,1.6,2.1,12.5
PF,23,20,0,10.9,2,3,0,0,2,3,1,1.7,1.5,2.1,3.5,0.9,0.3,0.7,0.6,1.7,4.9
PF,39,28,28,34.3,9.4,17.4,2.3,5.5,7.1,11.9,4.3,5.8,1,6.8,7.8,7.3,1.5,0.7,3.4,1,25.4
SF,22,30,7,28.9,5.3,10.3,1.1,2.9,4.2,7.4,2,2.3,1.3,2.6,3.9,2.5,1,0.3,1.6,2.5,13.7
SG,26,10,0,3,0.5,1.2,0.1,0.5,0.4,0.7,0,0.2,0,0.5,0.5,0.2,0,0,0.1,0.2,1.1
SG,26,2,0,7.5,1,2,0,0.5,1,1.5,0,0,0.5,0,0.5,1.5,0,0,0.5,1,2
SG,24,27,0,20.6,3.1,7.3,2.3,5.6,0.8,1.7,1,1.2,0.2,2.2,2.4,1.1,0.8,0.4,0.6,1.2,9.6
PF,27,22,22,28.6,5.4,11.5,2.5,6.1,2.9,5.4,1.4,1.7,1.4,3.5,4.9,2.5,0.8,0.1,1.1,1.9,14.5
SF,22,15,12,29.9,5.7,9.5,1.1,2.7,4.5,6.9,1.7,2.2,1.3,5.9,7.3,2.4,1.1,1,2,2.2,14.1
PF,36,3,0,5.3,0.3,0.7,0,0,0.3,0.7,0,0,0.3,0.7,1,1.3,0.3,0,0.3,0.7,0.7
SF,24,27,26,32.7,6.3,13.6,1.9,5.4,4.4,8.1,2.6,3.5,1.3,5.1,6.4,3.9,0.9,0.3,1.8,2.4,17.2
SF,23,1,0,6,0,1,0,0,0,1,0,0,0,0,0,0,0,0,0,0,0
C,28,31,31,33.7,10.1,18.6,1.1,3.5,8.9,15.1,5.1,6.3,3.3,9.1,12.3,9.2,1.2,0.8,2.6,2.7,26.4
SG,21,12,0,6.4,1.2,2.6,0.1,0.7,1.1,1.9,0.2,0.3,0.6,0.8,1.3,0.2,0.2,0.1,0.3,0.9,2.6
C,28,13,0,5.3,0.5,1,0.1,0.2,0.5,0.8,0.2,0.2,0.3,0.8,1.1,0.3,0.2,0.2,0.4,0.7,1.3
SF,26,29,28,25,3.8,7.8,1.6,4.4,2.1,3.4,1.2,1.7,1.2,2.3,3.6,1.1,0.8,0.8,0.8,1.7,10.4
SF,25,27,27,29.6,3.7,7.9,1.1,3.3,2.6,4.6,2.3,2.7,1.3,2.7,4,2.7,1.5,1,1.3,3.2,10.8
PG,24,24,0,23.1,3.2,6.8,0.6,2.1,2.6,4.7,1.1,1.3,0.4,2,2.4,4.9,0.8,0.2,1.5,1.2,8
PG,27,28,28,27.6,5.2,9.6,1.4,3.4,3.8,6.3,0.5,0.7,0.3,2.8,3,5.4,1.2,0.3,0.8,0.8,12.3
C,35,12,1,13.3,1.9,3.3,0,0,1.9,3.3,0.9,2.6,1.8,3,4.8,1,0.3,0.4,0.9,1.7,4.8
PG,32,14,0,10.3,0.6,2.5,0.3,1.6,0.4,0.9,0.3,0.5,0.1,0.7,0.9,1.8,0.3,0.1,0.5,0.9,1.9
PF,20,4,1,12,1,3,0.8,1.8,0.3,1.3,0.8,1,0.3,5.5,5.8,2.3,0.3,0,1.3,2.3,3.5
SG,22,1,0,4,0,2,0,2,0,0,0,0,0,0,0,1,0,0,0,0,0
SG,27,8,0,21.5,2.6,7.3,2.1,5.8,0.5,1.5,0.9,0.9,0.4,2.5,2.9,2,0.6,0.1,0.6,0.5,8.3
C,22,22,12,25.1,4,6.7,0.1,0.6,3.9,6.1,0.7,1.4,3.1,5.2,8.3,0.9,0.4,2.7,1.3,2,8.7
SF,26,6,0,2.5,0.2,0.8,0,0.3,0.2,0.5,0.2,0.3,0,0.5,0.5,0.8,0,0,0,0.5,0.5
SF,24,27,1,23,3.9,8.6,2,5.4,1.8,3.1,1.5,2,0.4,1.9,2.3,1.5,0.4,0.2,1,1.8,11.2
C,32,5,1,18,0.8,3.2,0.6,1.8,0.2,1.4,1.2,2,0.8,3.4,4.2,2,0.2,0.2,0.8,1.6,3.4
SF,24,11,2,15.8,2.5,4.9,1.2,2.6,1.4,2.3,0.5,0.5,0.5,1.8,2.3,0.5,0.5,0.2,0.8,1.5,6.7
SF,27,23,2,17.7,1.2,3.3,0.7,2.2,0.5,1.1,0.3,0.3,1,3.1,4.2,1.4,0.7,0.7,0.5,1.1,3.4
SG,26,20,0,6.9,0.7,1.8,0.3,1,0.4,0.9,0.4,0.5,0.1,0.5,0.5,0.5,0.5,0,0.4,0.5,1.9
C,28,17,0,12.9,1.9,2.5,0,0,1.9,2.5,0.6,0.7,1.5,1.8,3.3,0.6,0.5,0.8,0.4,1.1,4.4
PF,21,29,8,21.7,4.6,9.2,0.7,2.3,3.9,6.8,2.5,3.8,1.1,2.7,3.8,1.2,0.6,0.3,1.2,2.3,12.5
PF,28,28,28,31.1,8.9,18.9,2.4,6.5,6.5,12.4,2.9,3.8,0.9,5.4,6.2,4.2,0.3,0.6,2.5,2,23
C,28,17,0,8.9,0.6,1.9,0.1,0.8,0.5,1.2,0.3,0.4,0.9,1,1.9,0.6,0.3,0.2,0.5,0.8,1.7
PF,22,8,0,12.4,1.4,4,0.4,2.5,1,1.5,0.1,0.3,0.6,0.8,1.4,0.6,0.1,0,0.5,1.9,3.3
SG,28,18,18,35.3,7.3,16.6,2.4,7.1,4.9,9.4,3.9,4.6,0.3,4.6,4.9,3.4,0.9,0.2,2,2.1,21
SG,23,13,0,9.8,1.7,3.4,0.5,1.8,1.2,1.6,0.4,0.6,0.5,0.8,1.2,0.5,0.5,0.1,0.5,0.5,4.3
PG,24,5,0,6.2,1.2,3,0,0.8,1.2,2.2,0.8,0.8,0.6,0.6,1.2,1.4,0.2,0.4,0.2,0.6,3.2
C,30,6,0,6.8,1,1.3,0,0.2,1,1.2,0.5,1.2,1.2,1.5,2.7,0.8,0.2,0.8,0.3,0.3,2.5
SF,32,27,27,34.5,9,17.3,2.3,5.4,6.7,11.9,4,4.5,1.1,4.9,5.9,3.5,1.5,0.7,1.5,1.5,24.4
SG,29,22,1,29.3,5.5,13.3,1.7,5.4,3.8,7.9,2.4,3.2,0.5,3.1,3.6,3.7,1.1,0.4,1.5,1.7,15.1
PG,22,13,0,10.1,1.2,3.6,0.2,1.3,1,2.3,0.6,0.7,0.2,0.6,0.8,1.4,0.4,0.1,0.5,0.6,3.1
SF,21,12,0,4.4,0.1,0.8,0.1,0.3,0,0.5,0,0,0.1,0.2,0.3,0.3,0.2,0,0.4,0.2,0.3
PF,23,3,0,3,0.3,1.3,0,1,0.3,0.3,0.7,0.7,0,0.7,0.7,0,0,0.3,0.3,0.3,1.3
PG,33,28,28,35.4,7.6,17.5,3.3,8.8,4.3,8.6,7.6,8.3,0.6,3.9,4.5,7,1.1,0.2,2.8,1.6,26.2
PF,23,22,2,15.6,1.9,3.9,0.7,2.1,1.1,1.7,0.7,0.8,0.6,1.8,2.5,0.7,0.5,0.4,0.5,1.4,5.1
C,19,24,23,25.6,4.3,5.7,0,0.1,4.3,5.6,0.9,1.6,2.9,5,7.8,1.1,0.6,1.5,1.2,3,9.4
PF,25,14,1,19.9,1.5,5.5,0.9,3.7,0.6,1.8,0.6,0.8,0.5,1.7,2.2,1.1,0.6,0.1,0.8,1.6,4.4
SF,20,6,0,3.7,0.5,0.7,0.2,0.2,0.3,0.5,0,0,0.2,0.7,0.8,0.2,0.2,0,0.2,0.3,1.2
C,27,30,27,21.4,2.2,3.9,0,0,2.2,3.9,0.9,1.2,2.6,5.1,7.8,2.7,0.7,0.3,0.9,2.4,5.3
C,35,30,30,30.9,4.8,9.8,1.7,5,3.1,4.8,1.7,2.1,1.5,3.4,4.9,1.3,0.8,2.9,0.9,2.8,13
C,35,7,0,3,0.1,0.6,0.1,0.4,0,0.1,0.3,0.3,0,0.1,0.1,0.3,0,0.1,0.1,0.4,0.7
PF,35,23,5,18.7,2.9,6.8,1.9,5.1,1,1.7,1.7,2,0.9,5.9,6.7,2.6,0.4,0.1,0.7,1.8,9.3
PG,37,28,28,29.3,3.1,6.8,2,4.6,1.1,2.2,1.1,1.3,0.7,3,3.7,4.1,1.1,0.4,1.4,2.7,9.4
SF,23,3,0,9.7,0.7,3,0.3,2.3,0.3,0.7,0,0,0.3,0.7,1,0,0,0,0,1.7,1.7
PF,28,15,0,19.9,2.2,5.3,1.2,3.9,1,1.5,0.9,1.5,1.1,4.4,5.5,1.5,0.1,0.3,0.7,1.7,6.5
PG,22,13,1,15.4,1.5,5.1,0.4,2.3,1.1,2.8,0.8,0.9,0.3,1.5,1.8,2.2,0.5,0,1.2,1.4,4.2
C,24,13,0,7.8,1,2.4,0.4,1.4,0.6,1,0.8,0.9,0.8,1.4,2.2,1.2,0.2,0.3,0.5,0.8,3.2
SG,27,23,19,26.4,2.5,6.4,0.7,3,1.9,3.4,0.7,1,1,2.4,3.4,2,0.7,0.4,0.7,1.9,6.3
PG,22,10,0,9.4,1.6,3.2,0.5,1.3,1.1,1.9,0.1,0.1,0.3,1.4,1.7,1.5,0.3,0,0.8,0.3,3.8
C,35,3,0,6.7,1.7,3,0,0.3,1.7,2.7,0,0.3,0.7,2,2.7,1,0,0.3,0,0.7,3.3
PF,26,20,20,33.4,8.1,16.6,3.2,8.3,5,8.3,4.3,5.1,2.1,6.5,8.6,1.5,1,0.7,1.3,2.2,23.7
SF,26,21,0,19.7,2.8,6.1,1.2,2.8,1.6,3.3,1.8,2.2,1.2,3,4.2,2.4,0.8,0.2,1.1,1.3,8.5
SF,28,20,10,26.5,4.3,9.6,1.3,3.3,3,6.3,1.3,1.9,1.3,3.8,5.1,2.3,0.8,0.3,1.4,2.3,11
SF,28,1,0,17,3,5,0,0,3,5,0,0,0,0,0,0,0,0,1,1,6
SF,23,18,0,6.6,0.8,1.6,0.1,0.3,0.7,1.3,0.2,0.4,0.3,0.6,0.9,0.6,0.5,0.1,0.3,0.9,1.8
SG,27,17,3,11.6,0.9,2.2,0.9,2.2,0,0.1,0,0.1,0.2,0.9,1.1,0.2,0.4,0.1,0.4,1.7,2.6
SF,21,28,12,25,4.8,10.9,1.3,3.4,3.6,7.5,2.6,3.1,1.1,2.6,3.7,2.1,0.6,0.2,1.4,2,13.5
SG,37,17,1,11.7,0.6,2.3,0.4,1.8,0.2,0.5,0.8,1.1,0.2,1.2,1.5,0.6,0.5,0.1,0.3,1.4,2.4
PG,23,28,28,37.4,8.9,19.5,3.3,8.3,5.7,11.2,4.8,5.4,0.5,3.3,3.8,6.7,0.8,0.5,1.5,2,25.9
PG,23,18,0,4.6,0.7,1.4,0.4,0.9,0.3,0.5,0.1,0.1,0.1,0.2,0.3,0.4,0.3,0,0,0.6,1.9
PG,32,17,17,33.2,7.1,15.3,3.2,7.5,3.9,7.8,2.5,3.1,0.6,3.5,4.1,4.9,1.5,0.8,1.6,2.2,19.8
PG,31,22,1,14.9,3.3,6.3,0,0.5,3.2,5.8,0.8,1.1,0.5,2.1,2.6,4.7,0.9,0.1,1.1,1,7.4
SF,23,18,17,26.3,4.7,8.3,1.2,3,3.5,5.3,0.5,0.7,0.7,1.8,2.4,1.2,0.7,0.5,0.9,3.3,11
SF,26,17,0,8.4,0.8,2.9,0.3,1.5,0.5,1.5,0.1,0.1,0.2,0.9,1.2,0.5,0.3,0.2,0.4,0.8,2.1
SF,32,26,0,15.9,2,4.6,1.6,3.6,0.4,1,0.3,0.5,0.2,1,1.1,1.5,0.3,0.1,0.5,1.3,5.9
C,36,25,0,8.8,2.1,3.2,0,0,2.1,3.1,0.6,1.1,1,2,3,0.4,0.2,0.6,1,1.3,4.8
SG,21,22,3,17.5,1.7,3.9,0.8,2,0.9,1.9,0.9,1.2,0.4,1.5,1.9,0.8,0.4,0.1,0.6,1.6,5
PG,27,10,0,3.6,0.2,0.5,0.2,0.3,0,0.2,0.2,0.2,0,0,0,1,0.1,0.3,0,0.2,0.8
SG,25,28,28,29.1,3.9,9.9,2,5.6,1.8,4.3,2,2.4,0.9,3.2,4.1,3.5,1.6,0.5,1.2,2.4,11.7
C,25,4,0,13.8,0.8,1.5,0,0,0.8,1.5,0.5,0.5,1.5,3,4.5,0.3,0.3,0.3,0.8,2.8,2
SG,27,16,0,11.1,1.9,4.6,1.8,4,0.1,0.6,0.2,0.3,0.3,0.9,1.3,0.9,0.3,0.1,0.4,1,5.9
C,26,19,2,12,2,4,0.5,1.7,1.5,2.3,0.8,1.1,0.7,2.2,2.9,0.5,0.5,0.3,0.6,1.1,5.4
PG,30,10,0,12.2,1,3,0.5,1.8,0.5,1.2,0.4,0.6,0,0.5,0.5,2.7,0.2,0.1,1.1,0.6,2.9
SF,32,25,25,24.1,5.4,11.2,1.6,4.2,3.8,7,1.5,1.8,0.7,4,4.7,4.2,0.8,0.1,1.9,2.2,13.8
SF,21,25,19,31.4,5.6,12.8,1.9,5,3.7,7.8,1.5,1.9,0.9,3.1,4,2.2,0.6,0.5,1.7,2.8,14.6
SF,24,3,0,4,0.7,1,0.3,0.3,0.3,0.7,0,0,0,0.3,0.3,0,0,0,0.3,0.7,1.7
SF,20,3,0,2,0.3,0.7,0,0,0.3,0.7,0,0,0,2,2,0.3,0,0,0,0.3,0.7
SF,19,1,0,3,0,0,0,0,0,0,1,2,0,0,0,0,0,1,0,0,1
PG,35,5,0,9.4,0.8,2.4,0.8,1.6,0,0.8,0,0,0.2,0.8,1,1,0.2,0.2,0.6,1.6,2.4
SG,27,26,0,15.3,1.8,4.9,0.5,1.8,1.4,3.1,1.4,1.7,0.2,1.4,1.6,1.5,0.5,0.1,1,1.5,5.5
SF,24,6,0,6.3,0.3,1,0.3,0.7,0,0.3,0.2,0.3,0.7,0.2,0.8,0,0,0.2,0.2,0.3,1.2
SF,21,11,0,2.5,0.7,1.3,0,0.5,0.7,0.8,0.4,0.5,0.1,0.2,0.3,0.1,0,0.1,0,0.4,1.8
PG,25,21,3,13.5,1.3,3.9,0.6,2.1,0.8,1.8,0.5,0.6,0.1,0.8,0.9,2,0.2,0.1,0.6,1.3,3.7
SG,27,22,22,36.5,9.6,21.3,3.1,8.8,6.5,12.5,5.4,6,1.1,4.5,5.6,5.5,1.8,0.5,2.6,2.3,27.7
PF,22,21,21,33.6,6.8,11.8,0.1,0.5,6.7,11.3,2.4,3.1,2.7,7.8,10.5,2.9,0.8,1.7,2.3,2.9,16
PF,24,3,0,4.7,0.7,1.3,0.3,0.7,0.3,0.7,0,0,0,0.7,0.7,1.3,0.3,0,0.3,0.7,1.7
SG,25,27,0,25,4.7,11,2.6,6.3,2.1,4.7,2.3,2.6,0.4,2.1,2.6,5.2,0.6,0.6,2.2,1.7,14.3
SG,21,30,4,18.2,2.9,6.2,1,3,1.9,3.2,1.3,1.7,1.2,2,3.2,0.9,0.7,0.3,0.8,1.4,8.1
SG,29,2,0,6,0.5,1,0,0.5,0.5,0.5,0,0,0,1,1,1.5,0,0,0.5,0.5,1
SG,22,6,0,2.3,0.2,0.5,0,0.3,0.2,0.2,0,0,0,0.2,0.2,0.2,0.2,0,0.2,0.2,0.3
PG,24,3,3,35,11,21.7,0.7,3.7,10.3,18,5.3,6.3,1,4.7,5.7,9,1,0.7,3.3,1,28
PF,34,21,4,14.4,2.1,4.3,1,2,1.1,2.3,0.3,0.3,0.4,2.1,2.5,0.8,0.3,0.3,0.3,1.7,5.5
PF,34,12,1,10.4,1.2,3.5,0.7,2.3,0.5,1.3,0.1,0.2,0.3,1.7,2,0.8,0.3,0.1,0.6,0.8,3.1
SF,23,10,1,26.5,5.3,10.7,2.8,6.5,2.5,4.2,2.7,3.1,0.2,3.8,4,1.7,0.7,0.4,0.5,1,16.1
SG,27,29,29,34.4,7.8,16.9,2.3,6.1,5.4,10.8,2.4,2.9,0.8,3.7,4.4,5.4,1.6,0.3,2.1,1.6,20.3
PG,26,18,18,29.7,7.3,15.6,2.4,5.4,4.9,10.2,2.7,2.9,0.6,3.4,4,5.7,0.8,0.8,1.8,2,19.8
SF,23,24,24,32.4,6,13,2.6,7,3.3,6,1.7,2,1.4,4.1,5.5,1.7,1.2,0.4,1,2.8,16.2
SF,23,14,0,10.6,0.9,2.7,0.6,1.7,0.4,1,0.2,0.4,0.6,1.1,1.8,0.5,0.8,0.1,0.1,0.9,2.6
SF,26,11,0,7.5,0.6,2.3,0.4,1.8,0.3,0.5,0,0,0.3,0.5,0.8,0.4,0.4,0,0.4,0.5,1.6
C,31,14,0,15.1,1.5,3,0.2,0.8,1.3,2.2,0.3,0.6,1.3,2.9,4.1,0.7,0.6,0.3,0.9,1.4,3.5
PG,24,19,3,18.9,3.3,6.7,0.6,2.2,2.6,4.6,0.3,0.5,0.5,1.1,1.6,4,0.9,0.1,1.3,1.9,7.5
SF,24,26,1,24.8,4.2,7.9,2,4.3,2.2,3.6,1.2,1.7,0.9,2.2,3.1,1,1.1,0.7,0.8,3.3,11.5
PF,30,30,1,22.2,3,7.6,1.5,4.6,1.5,3,0.5,0.5,0.4,3.2,3.6,1.1,0.3,0.1,0.9,2.4,8
PG,21,6,0,3.5,0.5,1.3,0.3,0.8,0.2,0.5,0,0.3,0,0.2,0.2,0,0.2,0,0,0,1.3
PF,23,26,0,10.4,1.3,2.7,0.2,0.4,1.2,2.2,0.8,1.3,1.3,1.1,2.4,0.5,0.2,0.7,0.6,1.6,3.6
SG,24,9,1,17.3,2.4,6.1,0.4,2.6,2,3.6,0.3,0.3,0.3,1.2,1.6,1.8,0.3,0,0.6,1.4,5.7
SG,24,1,0,4,0,1,0,0,0,1,2,2,2,0,2,2,1,0,0,0,2
C,29,27,27,28.5,4.5,9.7,0.6,2.4,3.9,7.3,2.6,3.6,3,7.3,10.3,3.9,1,1.2,2.1,3.6,12.1
SF,30,28,5,27.1,2.7,6.9,2.2,5.7,0.5,1.2,0.4,0.6,0.8,4.2,5,3.3,0.8,0.8,1,2.5,7.9
SF,25,13,0,4.7,0.5,1.4,0.3,0.9,0.2,0.5,0,0,0.2,0.8,1.1,0.3,0.2,0,0.2,0.1,1.4
SG,25,24,11,21,1.9,4.7,0.6,2.3,1.3,2.5,2,2.6,1.6,1.7,3.3,1.2,1,0.5,0.8,1.4,6.3
C,23,29,2,24.7,3.7,6.4,0.4,1.4,3.3,5,1.8,2.1,2.5,4.3,6.9,1.5,0.5,0.9,0.8,2.8,9.6
SF,23,21,10,25.4,2.9,5.9,0.9,2.4,2,3.5,1.2,1.9,1.4,2.1,3.5,2.1,0.9,0.4,0.7,2.2,7.8
C,32,28,7,21.9,2.8,5.1,0.8,2,2,3.2,1.4,1.6,1.4,4.1,5.5,4.5,0.9,0.3,1.8,2.8,7.9
SF,26,15,0,5.7,1.7,2.8,0.3,0.9,1.3,1.9,0.9,1.1,0.6,1,1.6,0.5,0.4,0.1,0.5,0.9,4.5
SF,28,28,1,18.6,3,6.5,1.3,3.5,1.8,3,0.8,1.1,0.4,1.9,2.3,1.8,0.4,0.2,0.6,1.6,8.1
SF,28,18,8,26.2,5.1,10.6,1.8,4.7,3.3,5.8,1.7,2.4,1.1,3.2,4.3,0.7,1.2,0.3,0.7,2.4,13.7
PG,38,27,7,27.4,3,7.7,1.1,3.6,1.9,4.1,1.1,1.3,0.3,3.5,3.8,7.6,1.3,0,1.2,1.8,8.3
PG,29,30,2,16.1,2.2,4.8,1.1,2.8,1.1,2.1,0.6,0.7,0,1.1,1.1,2.4,0.3,0.1,0.8,1.8,6.1
SG,31,14,0,17.3,2.4,5.1,0.6,2,1.8,3.1,0.4,0.6,1.1,2.1,3.1,0.9,1.2,0.3,0.6,1.9,5.9
PF,24,1,0,3,1,1,1,1,0,0,0,0,0,0,0,1,0,0,0,1,3
C,23,3,0,3.3,0.3,0.7,0,0,0.3,0.7,0.3,0.7,0,0.3,0.3,0,0,0,0,0.3,1
SF,20,17,0,4.4,0.3,1.1,0,0.5,0.3,0.5,0.1,0.2,0.1,0.5,0.6,0.4,0.1,0,0.1,0.6,0.6
SG,24,12,0,6.4,0.8,1.8,0.5,1.3,0.3,0.5,0.2,0.2,0.1,0.8,0.8,0.7,0.3,0,0.5,0.6,2.3
C,33,6,0,17,2,3.2,0,0,2,3.2,1,2.3,1.3,4.2,5.5,1,0.7,0.2,0.8,1,5
SG,20,24,7,22.8,3.4,7.4,1.3,3.1,2.2,4.3,0.8,1.1,1.6,3.8,5.4,3,1,0.2,1.4,1.8,8.9
C,28,29,29,25.9,4.8,6.8,0,0,4.8,6.8,1,2,2.7,5.2,8,2.3,0.7,1.1,1.6,2.7,10.6
PF,22,7,0,6.1,0.3,1.6,0.1,1.1,0.1,0.4,0.1,0.3,0.3,0.9,1.1,0.7,0,0.1,0.4,0.7,0.9
SG,24,27,27,29.4,6.2,15.1,2,6.5,4.1,8.6,3.1,3.5,0.4,2.1,2.5,3.6,1.1,0.3,2.8,3.1,17.5
PG,23,19,4,16.7,3,5.9,0.3,0.8,2.7,5.2,1.2,1.7,0.4,1.9,2.4,3.4,0.6,0.5,1.1,0.9,7.5
SF,25,32,32,31.5,6.4,13.5,2.8,7.1,3.6,6.3,1,1.3,1.5,6.2,7.7,1.5,0.5,0.8,1.1,2,16.5
SF,30,12,1,12.1,0.9,2.4,0.7,1.8,0.3,0.6,0.3,0.3,0.5,1.8,2.3,0.3,0.3,0.3,0.2,1.3,2.8
PF,28,30,0,24.2,5.3,10.3,1,2.9,4.2,7.4,1.3,1.5,1.8,5.1,7,1.1,0.8,0.5,1,2.5,12.8
C,28,21,21,30.4,6.6,12.4,1.8,5.1,4.9,7.3,4.6,5.6,1.6,5.5,7.1,1.7,0.8,1.8,1.7,3,19.6
PF,25,2,0,3.5,0,0.5,0,0.5,0,0,0,0,0,2,2,0,0,0,0,0,0
C,32,27,3,14.5,1.4,2,0,0.1,1.4,1.9,1.6,2,1.4,1.8,3.2,1.3,0.4,0.4,0.4,2,4.5
SG,30,29,0,25.3,4.6,9.1,1.9,4.3,2.7,4.9,2.2,2.5,0.2,2,2.2,1,0.6,0.4,1,1.9,13.3
SG,21,1,0,5,1,2,0,1,1,1,0,0,0,0,0,0,0,1,3,0,2
PF,29,29,29,31,3.7,8.3,2.2,5.5,1.5,2.8,0.6,0.8,0.3,2.6,2.9,1.8,0.8,0.5,0.9,2.3,10.2
PG,26,29,0,20.3,2.6,6.2,1.7,4.1,0.9,2,0.4,0.6,0.9,2.2,3.1,2.8,0.4,0.1,0.5,1.3,7.3
PF,21,20,0,9.3,0.9,2.6,0.3,1.4,0.6,1.2,0.8,1.2,0.6,1.3,1.9,0.8,0.1,0.1,0.2,0.6,2.9
C,24,9,0,15,2.1,4.2,0,0,2.1,4.2,1.1,1.4,2.9,3.1,6,0.7,0.6,0.3,0.6,2.4,5.3
SG,23,3,0,5,1,3,0.7,2,0.3,1,0,0,0,1,1,0.3,0,0,0.7,0.7,2.7
PF,29,29,29,35.4,8.3,17.8,1.5,5.1,6.8,12.8,4.8,6.2,2,7.4,9.4,4.9,0.6,0.2,3.2,2.7,22.9
C,27,19,4,14.4,2.7,6.4,1.3,3.8,1.4,2.6,1.1,1.2,1,1.8,2.8,1.1,0.6,0.3,0.6,1.9,7.7
SG,25,31,9,29.4,5.3,11,1.7,4.6,3.5,6.4,2.8,3.2,1,3.7,4.7,5,0.9,0.1,2.4,1.5,15.1
SF,24,26,19,24.7,2.5,6.2,0.8,2.8,1.6,3.4,1.3,1.5,0.6,2,2.7,1.5,1.4,0.3,0.7,1.8,7
C,24,29,2,13.8,2.1,3.7,0.1,0.4,2,3.2,0.5,0.7,1.7,2.6,4.3,1.1,0.5,0.6,0.9,2.2,4.9
C,24,28,0,22.3,4.9,9.8,1.9,4.8,3,5,1.4,1.5,1.1,3.3,4.4,1,0.8,0.6,1.3,1.8,13
SG,24,5,0,6,1,1.8,0.2,0.8,0.8,1,0.4,0.4,0.2,0.6,0.8,0.6,0,0,0.4,0.8,2.6
C,26,21,8,21.9,3.2,4.6,0,0,3.2,4.6,2.2,2.7,2.3,4.6,7,0.7,0.4,1.3,1,2.6,8.6
SG,30,24,4,27.8,3.6,8.3,1.5,4.5,2.2,3.8,1.3,1.5,0.5,2.3,2.7,3,0.6,0.3,1,1.7,10
SF,29,28,16,29.1,5.3,10.7,3.2,7.1,2.1,3.6,1.4,1.6,0.3,2.5,2.8,3.1,0.5,0.1,1.3,2.3,15.1
SG,26,3,0,3.7,0,1.3,0,0.7,0,0.7,1,1.3,0.3,0.3,0.7,0,0,0,0,0,1
C,25,21,21,29.2,2.8,4.7,0,0,2.8,4.7,0.7,1.8,5.3,5,10.3,0.7,1.5,1.3,1,1.9,6.2
C,23,13,7,16.2,2.4,4.5,0.5,0.9,1.8,3.6,0.8,1.1,1.4,3.1,4.5,1.8,0.4,0.5,1,2.2,6.1
PF,23,13,1,11.8,1.8,3.2,0.5,1.2,1.2,2,0.5,0.5,0.8,1.9,2.7,0.7,0.3,0.1,0.5,0.9,4.5
PF,22,26,8,23.8,3.2,7.8,1,3.5,2.2,4.3,0.8,1.1,1,3.2,4.2,1.3,0.7,0.3,1,1.4,8.1
PG,21,9,0,6.7,1.3,2.4,0.2,0.3,1.1,2.1,1.4,1.9,0.2,1,1.2,1.2,0.9,0.3,0.8,0.8,4.3
PG,35,15,7,18.9,3.5,8.1,0.7,2.1,2.8,5.9,1.3,1.4,0.5,1.5,2,3.5,0.5,0.1,1.4,1.2,9.1
SG,19,8,0,4.5,0.1,1.6,0.1,0.8,0,0.9,0.3,0.5,0.1,0,0.1,0.5,0.3,0,0.3,0.1,0.6
PG,27,30,28,29.4,5.8,12.3,2,5.2,3.8,7.1,1.5,2,0.3,2.7,3,6.1,0.8,0.5,1.8,2,15.1
SF,26,13,1,22.9,2.9,6.4,2.5,5.2,0.5,1.2,1,1.1,0.4,1.9,2.3,1.1,0.4,0.1,1.2,1.8,9.3
C,27,28,28,34.8,7.4,12.6,0.5,1.3,6.9,11.3,3.8,5.6,3.3,8.8,12.1,7.5,0.9,0.6,3,3.1,18.9
PF,24,13,0,7,1.4,3.5,0.4,1.5,1,2.1,0.3,0.3,0.3,2,2.3,0.2,0.1,0.2,0.5,0.8,3.5
SF,25,6,0,6.3,0.8,1.2,0,0.3,0.8,0.8,0.3,0.3,0.2,1.2,1.3,0.3,0.2,0.2,0,0.5,2
PF,21,4,0,5.5,1,1.8,0.3,0.8,0.8,1,1,1,1,1,2,0.3,0,0,0.5,0.8,3.3
C,29,30,4,20.8,3.7,8,1.6,4,2.1,3.9,1.8,2.1,1.6,4.1,5.7,2,0.6,0.2,1.2,2.4,10.7
C,24,7,0,9.1,0.9,1.6,0.3,0.7,0.6,0.9,0.6,0.9,0.9,2.7,3.6,0.3,0,0.7,0.3,2,2.6
PG,23,28,0,16.5,2.9,6,1.2,2.9,1.7,3.1,0.6,0.7,0.1,1.6,1.7,2.4,0.6,0.2,0.9,1.5,7.6
PF,26,8,0,3.5,0.4,1.3,0.1,0.8,0.3,0.5,0,0.3,0,0.6,0.6,0.3,0,0,0.5,0.8,0.9
PG,30,29,29,32.1,5.1,12,1.6,4.6,3.4,7.4,2.5,2.9,0.5,2.3,2.8,6.8,1.1,0.1,1.8,2.3,14.2
SG,23,5,0,10.4,0.8,2.6,0.2,0.4,0.6,2.2,1,1.2,0.2,1.2,1.4,0.8,0.4,0.2,0,0.8,2.8
C,21,27,27,31.9,8.1,15.2,0.7,2.2,7.4,13,3.5,5,2.6,6.7,9.2,5.2,0.9,0.9,2.4,3.2,20.4
SF,20,1,0,2,0,2,0,0,0,2,0,0,1,1,2,0,0,0,0,0,0
SG,25,30,7,23.2,5.1,11.1,1.3,3.8,3.7,7.3,3.7,4.1,0.9,1.8,2.7,3.5,0.6,0.2,1.9,1.9,15.1
SG,26,16,0,16.6,3,6.4,1.5,3.8,1.5,2.6,0.3,0.7,0.1,1.2,1.3,1.4,0.6,0.1,0.6,2.1,7.8
C,22,29,0,16,2.8,5.1,0,0.2,2.8,4.9,1.3,2.2,2.8,4.2,7,1.2,0.4,0.8,1.1,2.3,6.9
SG,20,26,25,35,5.7,14,2.1,5.8,3.7,8.2,3.2,3.9,1.3,4,5.3,3.3,0.9,0.3,2.6,3,16.8
SG,22,12,0,7.5,1.3,2.8,0.6,1.8,0.7,1.1,0.3,0.5,0.2,0.5,0.7,0.7,0.3,0,0.1,0.9,3.4
PG,27,6,6,31.8,3.2,6,0,0,3.2,6,0.2,0.7,2.7,8.2,10.8,6.7,0.5,0.8,2.5,2.7,6.5
SG,24,10,10,34.1,9.2,20.3,3.7,9.3,5.5,11,4.8,5.2,0.7,2.3,3,5.5,0.9,0.1,2.4,2,26.9
C,25,14,5,7.4,0.7,1.1,0,0,0.7,1.1,0.2,0.4,0.4,1.3,1.7,0.2,0.1,0.1,0.1,1,1.6
C,25,1,0,1,0,1,0,0,0,1,0,0,0,0,0,0,0,0,0,0,0
SF,24,5,0,3.8,0.4,0.6,0,0.2,0.4,0.4,0,0,0,0.8,0.8,0.4,0,0.2,0.4,0.6,0.8
PG,24,1,0,1,0,0,0,0,0,0,0,0,0,0,0,0,0,0,0,0,0
PG,29,11,11,29.9,4.6,10.8,1.6,5.5,3,5.3,1.5,1.9,0.3,2.2,2.5,5,2,0.4,3.4,3.2,12.5
PG,26,15,0,17.8,2.5,6.2,0.6,1.9,1.9,4.3,1,1.2,0.8,2.1,2.9,3.5,0.8,0.2,0.9,2.4,6.7
SG,26,9,0,14.6,1.7,3.7,0.8,1.9,0.9,1.8,0.2,0.2,0.7,0.9,1.6,1.6,1,0.3,0.6,1.3,4.3
PG,35,21,1,16.6,1.7,3.3,0.1,0.2,1.6,3.1,0.1,0.1,0.3,1.2,1.5,3,0.3,0.1,1.3,1,3.6
PF,20,27,27,30.6,5.2,10.5,1.7,4.4,3.5,6.1,1.8,2.3,2,6.8,8.9,1.7,0.5,0.9,1.2,3.1,14
C,23,16,0,14.9,3.8,5.3,1.2,1.7,2.6,3.6,1.3,1.8,1.4,3.8,5.2,0.8,0.3,0.3,1.1,2.3,10.1
SG,19,12,0,11.3,2.3,5,1.3,2.6,1.1,2.4,0.2,0.2,0.3,0.5,0.8,0.4,0.1,0.3,0.4,0.9,6.1
PG,20,28,27,29.3,4.2,9.9,0.9,2.4,3.3,7.5,1.4,1.9,1.6,4.1,5.7,4.1,0.7,0.3,2.2,2.6,10.8
SG,21,18,0,9.4,1.2,3.2,0.3,0.9,0.9,2.3,0.7,0.9,0.8,0.7,1.4,0.9,0.6,0.4,0.8,1.4,3.4
PF,26,11,1,4.8,1,1.9,0.2,0.5,0.8,1.4,0.3,0.4,0.5,0.5,1.1,0.4,0.4,0.3,0.4,0.9,2.5
PF,22,27,27,30.5,3.9,8.2,1.4,3.6,2.5,4.7,1.2,1.6,1.8,5.1,6.9,1.6,0.3,0.6,1.6,2.6,10.5
SF,21,29,0,13.8,2.1,5.6,1.2,3.5,1,2.1,0.4,0.7,0.1,1.4,1.5,1.1,0.5,0.2,0.3,1.3,5.9
SF,27,30,30,34.7,5,12.5,2.9,8.3,2.1,4.1,1.3,1.6,0.7,4.4,5.1,3.9,0.9,0.5,1.7,2.9,14.3
SG,22,24,24,26,4.4,9.3,1.7,4.5,2.7,4.8,2,2.4,0.6,2.9,3.5,2.5,1.6,0.6,1.9,2.7,12.4
SF,24,3,0,9.7,2,4.7,1.3,3.7,0.7,1,0,0,0,0.3,0.3,1,0.3,0.3,0.3,0.3,5.3
SF,28,25,0,17.5,1.9,4.2,0.6,1.7,1.4,2.4,0.4,0.6,1.1,2.6,3.6,1.1,0.8,0.2,0.5,2.4,4.8
PF,25,28,28,36.8,9.2,19.3,3,8.5,6.2,10.7,5.5,6.9,0.8,7.7,8.5,4.3,0.9,0.5,2.9,2,26.9
PF,24,8,0,2,0.3,0.3,0,0,0.3,0.3,0,0,0.1,0.1,0.3,0,0.1,0,0.1,0.1,0.5
SG,37,6,0,3.2,0.7,0.8,0.2,0.2,0.5,0.7,0.3,0.3,0,0.3,0.3,0.5,0.2,0,0,0,1.8
SG,21,15,0,8.9,0.6,1.6,0.1,0.9,0.5,0.7,0.3,0.5,0.3,1.3,1.6,1,0.1,0.2,0.3,0.9,1.7
C,31,19,0,16.8,2.7,5.5,0.5,1.1,2.2,4.5,1.1,1.4,1.5,2,3.5,0.8,0.4,0.8,0.6,2.5,7.1
SG,22,20,18,31.6,8.8,19.6,2.4,6.3,6.5,13.3,3.9,4.6,0.3,2.7,3,2.5,0.6,0.5,1.9,2.3,23.9
SF,21,8,0,14.8,1.9,4.5,0.3,1.9,1.6,2.6,1,1.8,0.4,2.6,3,1.4,0.5,0.1,1.1,1.9,5
SF,21,29,24,26.8,4.1,8.8,0.3,1.9,3.8,6.8,1.3,2,2.6,5.2,7.8,2.3,0.9,1.1,1.7,3.3,9.8
SF,33,29,29,30.5,6,14.1,3.3,8.6,2.7,5.5,2,2.2,0.6,3.3,3.9,2.1,0.5,0.5,1.8,2,17.3
PF,32,25,0,11.2,1.6,2.2,0,0,1.6,2.2,0.4,1,1.7,1.9,3.6,0.9,0.2,0.3,0.4,1,3.5
PF,21,23,1,15.7,1.3,3.4,0.5,1.8,0.7,1.6,0.1,0.3,0.8,1.7,2.5,0.4,0.3,0.4,0.3,1.2,3.2
SF,26,28,12,23.2,2.1,4.8,1.5,3.8,0.6,1,0.3,0.4,0.5,1.6,2.1,1.1,1.7,0.9,0.6,1.1,6.1
C,25,16,6,20.4,2.8,6.9,0.6,1.9,2.2,4.9,0.4,1.1,1.5,3.1,4.6,1.6,1.3,0.8,0.9,1.7,6.4
SF,23,2,0,1.5,0,0,0,0,0,0,0,0,0,0,0,0,0,0.5,0,0,0
PF,25,28,27,24.1,4.8,8.1,1.3,3.4,3.5,4.7,1.2,1.5,1,2.6,3.6,1.3,0.5,0.6,0.8,2.1,12.1
SF,30,4,0,3.3,0.3,0.8,0,0.3,0.3,0.5,0,0,0.3,0.5,0.8,0.5,0,0,0.3,1,0.5
PF,28,27,27,33.3,8,15.6,2,4.7,6.1,10.9,4.1,4.6,1.6,7.9,9.5,3,0.9,0.6,2.8,3.3,22.2
SG,25,26,2,25.4,4.2,10.3,2.1,5.7,2,4.6,0.8,1.3,0.2,2,2.2,1.5,0.6,0.1,0.7,1,11.3
PF,24,3,0,5.7,1.3,2.7,0,0,1.3,2.7,1,1.3,0.7,1,1.7,0.7,0,0,0,0.3,3.7
PF,38,15,3,15.9,0.4,1.3,0.3,1.1,0.1,0.2,0.2,0.2,1.1,1.8,2.9,0.5,0.6,0.2,0.3,2.3,1.3
C,27,27,27,27.5,6.1,12,1.3,4.1,4.8,7.9,3.5,4.3,1.9,5.7,7.6,1.2,0.6,2.2,1.4,3.1,17.1
PF,23,8,0,2.5,0.1,0.5,0,0.4,0.1,0.1,0,0,0,0.6,0.6,0.1,0,0,0,0.6,0.3
SG,24,15,0,10.3,1.3,2.9,0.9,1.8,0.4,1.1,1.4,1.5,0.2,1.7,1.9,0.5,0.3,0.3,0.7,1.6,5
C,31,30,30,27.6,5.8,10.1,0.7,2,5,8.1,2.4,3,2.4,7.4,9.8,2.6,0.6,1.3,1.6,3.3,14.7
PF,24,10,2,16,0.7,2.5,0,0.9,0.7,1.6,0.1,0.2,1.3,2.9,4.2,0.6,0.4,0.3,0.3,1.9,1.5
PG,29,26,26,37.9,5.6,14.2,2.9,7.7,2.7,6.5,3,3.5,0.3,3.8,4.1,8.6,1.1,0.5,1.6,1.9,17.1
SG,23,23,17,29.8,6.5,14.2,2.5,7.1,4,7.1,2.4,3,0.4,2.9,3.3,2.9,0.9,0.1,1.3,1,17.9
PF,28,25,0,13.4,2.1,4.8,1.2,3,0.9,1.7,0.2,0.3,0.8,2,2.7,0.5,0.5,0.2,0.4,1.1,5.6
PG,27,5,0,25.4,2.4,6.4,0.4,3.4,2,3,0.2,0.4,0.4,0.6,1,3,1.2,0,0.4,2.4,5.4
C,33,31,31,34,7,15.5,1.1,3.9,5.9,11.6,1.6,1.8,2.7,7.6,10.4,3.4,0.8,0.7,1.7,2.6,16.7
PF,27,23,16,21.9,2,4.6,1.6,4,0.4,0.6,0.5,0.6,1.2,3.5,4.7,0.9,0.9,0.3,0.5,2.3,6
SF,22,28,28,33.6,7.5,16.5,1.3,4.8,6.2,11.6,3.9,4.7,1.1,4.7,5.8,3.9,1.1,0.3,1.7,2.3,20.3
C,26,28,0,19.1,4.7,7.5,0.5,1.6,4.1,5.9,2,2.5,1.6,2.6,4.2,1.2,0.5,0.4,1.4,2.4,11.9
SF,29,3,0,3,0.3,0.7,0.3,0.7,0,0,0,0,0,0.3,0.3,0,0.3,0,0,0.7,1
SF,21,28,0,17.8,2.7,5.8,0.5,1.9,2.2,3.9,1.3,1.8,1.7,3.4,5.1,0.7,0.7,0.4,0.9,2.2,7.3
PF,20,8,0,10.5,1.5,3.5,0.4,1.4,1.1,2.1,0.4,0.4,0.1,1.4,1.5,1.4,0.5,0.4,0.4,1.4,3.8
SG,25,17,0,21.3,5.2,10.6,2.6,5.6,2.6,5,1.7,2.2,0.2,2.5,2.6,1.6,0.6,0.4,1.5,0.9,14.6
SG,20,27,6,21.8,2.7,4.9,1,2.2,1.7,2.6,0.4,0.6,0.5,1.7,2.2,1.6,0.6,0.4,0.5,1.7,6.9
PF,25,24,13,30,5,12.1,1.9,6,3.1,6.1,1.6,2.2,1.2,4.1,5.3,2.4,1,0.9,1.5,2.7,13.6
PG,22,2,0,3,0.5,1.5,0.5,1,0,0.5,0,0,0,0.5,0.5,0,0.5,0,1,0,1.5
SF,29,20,0,17,1.5,4.2,1.2,3.5,0.3,0.8,0.5,0.7,0.5,1.6,2.1,0.5,0.4,0.4,0.7,1.6,4.5
SG,26,9,0,7.8,1,2.4,0.9,2.3,0.1,0.1,0,0,0.1,0.6,0.7,0.7,0,0.1,0,0.7,2.9
PF,23,21,0,13.4,2.5,4.8,0.3,0.9,2.2,3.9,0.8,0.9,0.9,2.4,3.3,1.8,0.4,0.3,1,1.8,6.1
SF,21,30,0,17,2.3,4.5,0.4,1.3,1.9,3.2,0.8,1.2,0.6,1.9,2.5,1,0.5,0.9,0.6,1.7,5.9
PF,20,25,25,30.2,6.9,15.9,1.4,4.9,5.6,11,3.3,4.2,2.3,8.4,10.7,2.8,1.4,3,3.3,2.5,18.5
SG,20,8,0,5.1,0.8,1.5,0,0.1,0.8,1.4,0.4,0.8,0.1,0.3,0.4,1.4,0.4,0.1,0.1,0.5,1.9
PG,35,29,10,24.1,4.6,10,0.6,2.3,4,7.7,1.6,2.4,1.6,4.8,6.4,4.7,1,0.5,2.3,2.1,11.3
PG,23,31,31,34.9,6.3,13.9,3,7.4,3.3,6.5,1.9,2.3,0.5,3.7,4.1,5,0.8,0.3,1.9,2.5,17.6
SG,29,26,26,32.5,5.5,11.2,2.8,6.5,2.8,4.7,2.7,3.1,0.7,3.2,3.9,5.2,1.2,1.3,1.7,2.2,16.6
SF,19,6,0,7.7,2.2,4.5,0.3,1.8,1.8,2.7,1,2,0.5,1.5,2,0.3,0.5,0,0.3,0.7,5.7
SG,25,25,0,12.1,1.9,3.2,0.5,1,1.4,2.2,0.7,1,0.6,1.6,2.2,0.7,0.4,0,0.6,1,5
SF,28,26,21,26.7,4.8,11.2,1,3.2,3.8,8,2.1,3,1.9,2.6,4.5,1.2,0.3,0.4,1.7,2.5,12.7
PG,25,3,0,2.7,0.7,1.7,0,0.7,0.7,1,0.7,0.7,0,0,0,0,0,0,0.3,0.3,2
PF,25,27,26,29.1,3.1,7.5,2,5.2,1.1,2.3,0.8,1.3,1.1,2.7,3.8,1.7,0.4,0.7,0.9,2.9,9.1
PF,22,24,24,32.1,6.6,13.1,1,2.9,5.6,10.2,3.1,3.5,0.4,3.7,4.1,3.8,0.9,0.3,1.7,2.7,17.4
C,21,22,0,12.5,1.4,3.5,0.8,2.1,0.6,1.3,0.6,0.6,0.5,2.8,3.3,1.3,0.3,0.1,0.5,1.6,4.1
SG,24,4,0,5.5,1.5,2.8,0,0.5,1.5,2.3,0.3,0.5,0,0,0,0.5,0.3,0,0,0.5,3.3
PF,29,17,0,15.3,2.1,3.9,0.9,1.9,1.1,2,0.2,0.6,0.7,2,2.7,1.8,0.5,0.2,0.2,1.8,5.2
C,22,19,19,26.7,5.2,7.9,0,0,5.2,7.9,2.4,3.4,4,5.7,9.7,1.2,0.8,1.1,0.9,2.6,12.7
PF,22,31,21,27.5,3.7,8.2,1.4,3.4,2.3,4.9,1.3,1.7,1.1,3,4.2,1.5,0.9,0.9,1.2,1.9,10.1
C,26,6,0,19.8,2.8,4.3,0,0,2.8,4.3,1.2,1.5,1.8,4.5,6.3,0.8,1.2,1.2,1.2,2.8,6.8
SG,23,20,6,20.3,1.7,4.1,1.2,3.2,0.6,0.9,1,1.2,0.9,3.8,4.7,1.4,0.6,0.6,0.8,2.3,5.5
SF,22,26,8,20.1,2.8,7.1,1.2,3.5,1.7,3.6,1.2,1.4,0.6,3.3,3.9,1.5,0.4,0.3,1.3,1.8,8
PF,23,24,24,30.7,8.8,15.2,0.1,0.4,8.7,14.8,4.5,7,2,3.9,5.9,4.5,1.1,0.3,2.5,2.5,22.3
PF,23,8,0,7.1,0.9,1.4,0.3,0.4,0.6,1,0.5,0.5,0.5,0.8,1.3,0.6,0.1,0.1,0.3,0.6,2.5
C,22,18,0,14.3,3,4.2,0,0.1,3,4.2,0.8,1.3,1.4,2.8,4.2,0.7,0.2,0.6,1,2.2,6.8
PF,28,26,1,18.8,2.4,5.2,0.7,2.3,1.8,2.9,1.3,2.1,0.9,4.6,5.5,0.9,0.2,0.6,1.2,1.5,6.8
PG,31,8,0,17.6,1.4,3.8,0.5,1.4,0.9,2.4,1.8,2,0.4,2.1,2.5,4.4,1.6,0.1,0.5,0.8,5
PF,35,4,0,3.3,0.5,1,0,0,0.5,1,0,0.5,0.3,0.5,0.8,0.8,0,0,0.3,0,1
PG,25,27,27,36.3,8.9,20.4,3.6,9.2,5.3,11.2,7,8,0.5,2.6,3.1,11.2,1.3,0.2,4.2,1.9,28.3
C,25,18,6,12.6,1.9,3.8,0.2,0.7,1.8,3.1,0.3,0.4,1.7,3.2,4.8,0.7,0.2,0.6,1.1,1.7,4.4
C,31,22,0,10,0.6,1.8,0,0,0.6,1.7,0.7,1.2,1.2,1.9,3.1,1.2,0.2,0.1,0.4,1.3,1.9
C,26,29,29,26.5,5.2,8.2,0,0,5.2,8.2,1.7,2.7,3.1,6,9.1,1.1,0.2,1.4,1.1,2.8,12.1
SF,26,28,28,33.4,5.9,11.9,2.3,6,3.6,5.9,1.2,1.6,1,3,4,2.6,1.1,0.5,1.6,2.4,15.2
C,21,4,0,12.5,1.3,1.3,0,0,1.3,1.3,0.8,1,1.5,2.5,4,0.5,0,1.5,0.5,3,3.3
SG,23,27,27,29.4,6.3,14.8,1.6,4.9,4.7,9.9,4,4.9,0.8,3.6,4.4,2.4,0.4,0.3,1.9,1.9,18.3
SG,21,1,0,21,3,8,2,4,1,4,4,4,0,1,1,1,1,1,1,1,12
SG,26,1,0,1,0,1,0,1,0,0,0,0,0,0,0,0,1,0,0,0,0
PF,21,1,0,1,0,0,0,0,0,0,0,0,0,0,0,0,0,0,0,0,0
PG,24,1,0,7,2,3,0,0,2,3,0,0,1,0,1,1,0,0,1,1,4
C,24,30,12,19.9,4.6,7.8,0.1,0.3,4.5,7.5,2,2.7,2.3,3.1,5.4,1.1,0.3,0.6,1.2,1.8,11.2
SG,20,3,0,5.7,0.7,1.7,0,0.3,0.7,1.3,1.3,2,0.7,0,0.7,0.3,0,0,0,1.3,2.7
SG,22,4,0,2.3,0,0.5,0,0.3,0,0.3,0.3,0.5,0,0,0,0,0,0,0,0.3,0.3
PF,27,3,0,5.3,1.3,1.7,0,0,1.3,1.7,1.3,2,0.3,0.7,1,0.7,0,0.3,0,0.3,4
SG,25,2,0,2.5,0.5,1,0,0,0.5,1,0,0,1,0,1,0.5,1,0,0.5,0.5,1
PG,25,38,0,13.3,1.6,3.9,0.8,2.3,0.8,1.6,0.6,0.7,0.3,1.4,1.8,2,0.5,0.2,0.9,1.2,4.6
PG,24,1,0,2,1,3,0,0,1,3,0,0,1,0,1,0,0,0,0,0,2
SG,26,1,0,3,0,0,0,0,0,0,0,0,0,1,1,0,0,0,1,1,0
C,24,1,0,1,0,0,0,0,0,0,0,0,0,0,0,0,0,0,1,0,0
PF,21,16,0,6.4,0.9,2.4,0.2,0.6,0.7,1.8,0.5,0.9,0.1,0.9,1.1,0.9,0.2,0.2,0.5,0.9,2.4
SG,25,1,0,4,1,2,0,1,1,1,0,0,0,0,0,0,1,0,0,1,2
PG,28,1,0,11,3,4,1,1,2,3,0,0,0,3,3,3,0,0,0,0,7
C,32,28,2,14.1,1.4,3.7,0.7,2.3,0.7,1.5,0.6,0.8,1,2.2,3.1,1,0.2,0.4,0.6,1.3,4.1
PF,23,2,0,2,0,1,0,0,0,1,0,0,0,0,0,0,0,0,0,0,0
PG,25,2,0,6,0,1,0,1,0,0,0,0,0,0.5,0.5,0.5,0,0,0.5,0.5,0
SF,25,19,0,9.8,2,4.4,0.6,1.9,1.4,2.4,0.5,0.6,0.4,1.3,1.7,0.9,0.3,0.1,0.6,1,5.1
PG,23,2,0,14.5,3,4.5,0.5,0.5,2.5,4,2.5,2.5,0.5,3,3.5,3.5,0,0,1.5,0.5,9
PF,24,11,5,15.6,1.7,5,0.7,2.6,1,2.4,0.7,0.7,1.1,2.3,3.4,2.2,0.7,1,0.7,1.9,4.9
PF,29,42,42,34.5,8.3,15.9,1.1,3.6,7.1,12.3,4.2,5.5,1.4,5,6.3,4.9,0.8,0.2,2.1,2.4,21.8
PG,21,3,0,1,0.7,1,0.7,0.7,0,0.3,0,0,0,0,0,0,0,0,0,0,2
SF,19,1,0,3,0,1,0,1,0,0,0,0,0,4,4,0,0,0,0,0,0
SF,27,4,0,3,0.5,0.8,0.5,0.8,0,0,0,0,0,0.3,0.3,0.5,0,0,0,0.5,1.5
